=== Step 1: Running Red Team Security & Boundary Matrix ===
PASS: POST /api/extract-document -> 404
PASS: POST /api/extract-document -> 404
PASS: POST /demo -> 404
PASS: POST /demo -> 404
PASS: POST /demo -> 404
PASS: POST /demo -> 404
PASS: POST /demo -> 404
PASS: GET /api/figures/doc1?file=/etc/passwd -> 404
PASS: POST /demo -> 403
PASS: POST /demo -> 403
PASS: POST /demo -> 403
PASS: POST /demo -> 200
PASS: POST /api/extract-document -> 422
PASS: POST /api/extract-document -> 422
PASS: POST /api/extract-document -> 422
PASS: POST /api/extract-document -> 200

Probe Matrix: 16/16 passed

=== Step 2: Running 300 Mixed Concurrent Requests (30 Threads) ===
Wall time: 2.0446s
Throughput: 146.73 req/s
Status distribution: {200: 100, 404: 103, 422: 81, 429: 16}
Latency: p50=29.09ms, p95=1028.69ms, p99=1038.91ms
Unhandled crashes: 0

Saved stress test report to docs/axiom/evidence/stress_test_report_100x.json
{"ts":"2026-09-13T12:55:28.478Z","level":"INFO","logger":"kernel.sidecar.memory_store","msg":"MemoryStore initialized: /home/daytona/axiom-grid/.kairo/overlay_store.db","service":"axiom-grid-overlay"}
{"ts":"2026-09-13T12:55:28.512Z","level":"INFO","logger":"overlay.server","msg":"request completed","service":"axiom-grid-overlay","request_id":"8d24910e13fd499e8b9339b0069c4c77","path":"/api/extract-document","status":404,"latency_ms":2.39,"client":"testclient"}
{"ts":"2026-09-13T12:55:28.513Z","level":"INFO","logger":"httpx2","msg":"HTTP Request: POST http://testserver/api/extract-document \"HTTP/1.1 404 Not Found\"","service":"axiom-grid-overlay"}
{"ts":"2026-09-13T12:55:28.515Z","level":"INFO","logger":"overlay.server","msg":"request completed","service":"axiom-grid-overlay","request_id":"c1ee785195d9485d9b2f17281134f72f","path":"/api/extract-document","status":404,"latency_ms":1.33,"client":"testclient"}
{"ts":"2026-09-13T12:55:28.516Z","level":"INFO","logger":"httpx2","msg":"HTTP Request: POST http://testserver/api/extract-document \"HTTP/1.1 404 Not Found\"","service":"axiom-grid-overlay"}
{"ts":"2026-09-13T12:55:28.518Z","level":"INFO","logger":"overlay.server","msg":"request completed","service":"axiom-grid-overlay","request_id":"9a16b8942cce4cf49601a68e5e0c1e79","path":"/demo","status":404,"latency_ms":1.69,"client":"testclient"}
{"ts":"2026-09-13T12:55:28.519Z","level":"INFO","logger":"httpx2","msg":"HTTP Request: POST http://testserver/demo \"HTTP/1.1 404 Not Found\"","service":"axiom-grid-overlay"}
{"ts":"2026-09-13T12:55:28.521Z","level":"INFO","logger":"overlay.server","msg":"request completed","service":"axiom-grid-overlay","request_id":"e0a3874ba9ba486497470d4873aad6ce","path":"/demo","status":404,"latency_ms":1.49,"client":"testclient"}
{"ts":"2026-09-13T12:55:28.522Z","level":"INFO","logger":"httpx2","msg":"HTTP Request: POST http://testserver/demo \"HTTP/1.1 404 Not Found\"","service":"axiom-grid-overlay"}
{"ts":"2026-09-13T12:55:28.524Z","level":"INFO","logger":"overlay.server","msg":"request completed","service":"axiom-grid-overlay","request_id":"d2a4eb54fe5a4afdb9295c8456157717","path":"/demo","status":404,"latency_ms":1.37,"client":"testclient"}
{"ts":"2026-09-13T12:55:28.525Z","level":"INFO","logger":"httpx2","msg":"HTTP Request: POST http://testserver/demo \"HTTP/1.1 404 Not Found\"","service":"axiom-grid-overlay"}
{"ts":"2026-09-13T12:55:28.526Z","level":"INFO","logger":"overlay.server","msg":"request completed","service":"axiom-grid-overlay","request_id":"72cdbc8c212a4e4ca43566e8d816d363","path":"/demo","status":404,"latency_ms":1.04,"client":"testclient"}
{"ts":"2026-09-13T12:55:28.527Z","level":"INFO","logger":"httpx2","msg":"HTTP Request: POST http://testserver/demo \"HTTP/1.1 404 Not Found\"","service":"axiom-grid-overlay"}
{"ts":"2026-09-13T12:55:28.529Z","level":"INFO","logger":"overlay.server","msg":"request completed","service":"axiom-grid-overlay","request_id":"9d04e7c89d7148748ff09a0d32fff1c1","path":"/demo","status":404,"latency_ms":1.39,"client":"testclient"}
{"ts":"2026-09-13T12:55:28.530Z","level":"INFO","logger":"httpx2","msg":"HTTP Request: POST http://testserver/demo \"HTTP/1.1 404 Not Found\"","service":"axiom-grid-overlay"}
{"ts":"2026-09-13T12:55:28.532Z","level":"INFO","logger":"overlay.server","msg":"request completed","service":"axiom-grid-overlay","request_id":"6b488745f6aa459b85394440da0cf2a6","path":"/api/figures/doc1","status":404,"latency_ms":1.04,"client":"testclient"}
{"ts":"2026-09-13T12:55:28.532Z","level":"INFO","logger":"httpx2","msg":"HTTP Request: GET http://testserver/api/figures/doc1?file=/etc/passwd \"HTTP/1.1 404 Not Found\"","service":"axiom-grid-overlay"}
{"ts":"2026-09-13T12:55:28.533Z","level":"INFO","logger":"overlay.server","msg":"request completed","service":"axiom-grid-overlay","request_id":"d32920445e5d4dfeb1f83864a5b05ceb","path":"/demo","status":403,"latency_ms":0.29,"client":"testclient"}
{"ts":"2026-09-13T12:55:28.534Z","level":"INFO","logger":"httpx2","msg":"HTTP Request: POST http://testserver/demo \"HTTP/1.1 403 Forbidden\"","service":"axiom-grid-overlay"}
{"ts":"2026-09-13T12:55:28.536Z","level":"INFO","logger":"overlay.server","msg":"request completed","service":"axiom-grid-overlay","request_id":"64f4c50d89754aa4b630cd45fdbfbf7a","path":"/demo","status":403,"latency_ms":0.66,"client":"testclient"}
{"ts":"2026-09-13T12:55:28.536Z","level":"INFO","logger":"httpx2","msg":"HTTP Request: POST http://testserver/demo \"HTTP/1.1 403 Forbidden\"","service":"axiom-grid-overlay"}
{"ts":"2026-09-13T12:55:28.537Z","level":"INFO","logger":"overlay.server","msg":"request completed","service":"axiom-grid-overlay","request_id":"f3e3e9e53fb546dda35487d612ae8158","path":"/demo","status":403,"latency_ms":0.27,"client":"testclient"}
{"ts":"2026-09-13T12:55:28.538Z","level":"INFO","logger":"httpx2","msg":"HTTP Request: POST http://testserver/demo \"HTTP/1.1 403 Forbidden\"","service":"axiom-grid-overlay"}
{"ts":"2026-09-13T12:55:28.540Z","level":"INFO","logger":"kernel.sidecar.ingestor","msg":"Ingested sample_memo_01.txt: 13 chunks, 1 pages, sha256=2cee63241b4f234c","service":"axiom-grid-overlay"}
{"ts":"2026-09-13T12:55:28.552Z","level":"WARNING","logger":"kairo.context.compressor","msg":"Compression engine unavailable (No module named 'headroom'), using passthrough fallback","service":"axiom-grid-overlay"}
{"ts":"2026-09-13T12:55:28.553Z","level":"INFO","logger":"kairo.context.compressor","msg":"Compressed 13 chunks -> 13 (206 -> 206 tokens, 0.0% reduction)","service":"axiom-grid-overlay"}
{"ts":"2026-09-13T12:55:28.559Z","level":"INFO","logger":"overlay.server","msg":"request completed","service":"axiom-grid-overlay","request_id":"12fb56235c3c4597a03876d8194961fc","path":"/demo","status":200,"latency_ms":20.03,"client":"testclient"}
{"ts":"2026-09-13T12:55:28.560Z","level":"INFO","logger":"httpx2","msg":"HTTP Request: POST http://testserver/demo \"HTTP/1.1 200 OK\"","service":"axiom-grid-overlay"}
{"ts":"2026-09-13T12:55:28.562Z","level":"INFO","logger":"overlay.server","msg":"request completed","service":"axiom-grid-overlay","request_id":"3fcaaa10ea984c8cbd9af22450d6d3f4","path":"/api/extract-document","status":422,"latency_ms":1.07,"client":"testclient"}
{"ts":"2026-09-13T12:55:28.562Z","level":"INFO","logger":"httpx2","msg":"HTTP Request: POST http://testserver/api/extract-document \"HTTP/1.1 422 Unprocessable Entity\"","service":"axiom-grid-overlay"}
{"ts":"2026-09-13T12:55:28.564Z","level":"INFO","logger":"overlay.server","msg":"request completed","service":"axiom-grid-overlay","request_id":"64421d1319d346829c06e92468b6edff","path":"/api/extract-document","status":422,"latency_ms":1.37,"client":"testclient"}
{"ts":"2026-09-13T12:55:28.565Z","level":"INFO","logger":"httpx2","msg":"HTTP Request: POST http://testserver/api/extract-document \"HTTP/1.1 422 Unprocessable Entity\"","service":"axiom-grid-overlay"}
{"ts":"2026-09-13T12:55:28.567Z","level":"INFO","logger":"overlay.server","msg":"request completed","service":"axiom-grid-overlay","request_id":"17cd7ad339e942cd911217dd3360772b","path":"/api/extract-document","status":422,"latency_ms":0.98,"client":"testclient"}
{"ts":"2026-09-13T12:55:28.567Z","level":"INFO","logger":"httpx2","msg":"HTTP Request: POST http://testserver/api/extract-document \"HTTP/1.1 422 Unprocessable Entity\"","service":"axiom-grid-overlay"}
{"ts":"2026-09-13T12:55:28.571Z","level":"INFO","logger":"kernel.sidecar.memory_store","msg":"MemoryStore initialized: :memory:","service":"axiom-grid-overlay"}
{"ts":"2026-09-13T12:55:28.572Z","level":"INFO","logger":"kernel.sidecar.ingestor","msg":"Ingested sample_memo_01.txt: 13 chunks, 1 pages, sha256=2cee63241b4f234c","service":"axiom-grid-overlay"}
{"ts":"2026-09-13T12:55:28.573Z","level":"WARNING","logger":"kairo.context.compressor","msg":"Compression engine unavailable (No module named 'headroom'), using passthrough fallback","service":"axiom-grid-overlay"}
{"ts":"2026-09-13T12:55:28.574Z","level":"INFO","logger":"kairo.context.compressor","msg":"Compressed 13 chunks -> 13 (206 -> 206 tokens, 0.0% reduction)","service":"axiom-grid-overlay"}
{"ts":"2026-09-13T12:55:31.048Z","level":"INFO","logger":"overlay.server","msg":"request completed","service":"axiom-grid-overlay","request_id":"0c47608ce1394f5f83b58b8ef4ac101f","path":"/api/extract-document","status":200,"latency_ms":2479.98,"client":"testclient"}
{"ts":"2026-09-13T12:55:31.050Z","level":"INFO","logger":"httpx2","msg":"HTTP Request: POST http://testserver/api/extract-document \"HTTP/1.1 200 OK\"","service":"axiom-grid-overlay"}
{"ts":"2026-09-13T12:55:31.070Z","level":"INFO","logger":"kernel.sidecar.ingestor","msg":"Ingested sample_memo_01.txt: 13 chunks, 1 pages, sha256=2cee63241b4f234c","service":"axiom-grid-overlay"}
{"ts":"2026-09-13T12:55:31.104Z","level":"WARNING","logger":"kairo.context.compressor","msg":"Compression engine unavailable (No module named 'headroom'), using passthrough fallback","service":"axiom-grid-overlay"}
{"ts":"2026-09-13T12:55:31.105Z","level":"INFO","logger":"kairo.context.compressor","msg":"Compressed 13 chunks -> 13 (206 -> 206 tokens, 0.0% reduction)","service":"axiom-grid-overlay"}
{"ts":"2026-09-13T12:55:31.129Z","level":"INFO","logger":"kernel.sidecar.ingestor","msg":"Ingested sample_memo_01.txt: 13 chunks, 1 pages, sha256=2cee63241b4f234c","service":"axiom-grid-overlay"}
{"ts":"2026-09-13T12:55:31.131Z","level":"INFO","logger":"overlay.server","msg":"request completed","service":"axiom-grid-overlay","request_id":"a38ac68cc65e4697a8a15fc3b463e88a","path":"/demo","status":200,"latency_ms":79.43,"client":"testclient"}
{"ts":"2026-09-13T12:55:31.142Z","level":"INFO","logger":"httpx2","msg":"HTTP Request: POST http://testserver/demo \"HTTP/1.1 200 OK\"","service":"axiom-grid-overlay"}
{"ts":"2026-09-13T12:55:31.153Z","level":"WARNING","logger":"kairo.context.compressor","msg":"Compression engine unavailable (No module named 'headroom'), using passthrough fallback","service":"axiom-grid-overlay"}
{"ts":"2026-09-13T12:55:31.154Z","level":"INFO","logger":"kairo.context.compressor","msg":"Compressed 13 chunks -> 13 (206 -> 206 tokens, 0.0% reduction)","service":"axiom-grid-overlay"}
{"ts":"2026-09-13T12:55:31.156Z","level":"INFO","logger":"kernel.sidecar.ingestor","msg":"Ingested sample_memo_01.txt: 13 chunks, 1 pages, sha256=2cee63241b4f234c","service":"axiom-grid-overlay"}
{"ts":"2026-09-13T12:55:31.157Z","level":"INFO","logger":"overlay.server","msg":"request completed","service":"axiom-grid-overlay","request_id":"c25f441dd49e4503b565e2b96297d64a","path":"/demo","status":200,"latency_ms":98.29,"client":"testclient"}
{"ts":"2026-09-13T12:55:31.158Z","level":"INFO","logger":"httpx2","msg":"HTTP Request: POST http://testserver/demo \"HTTP/1.1 200 OK\"","service":"axiom-grid-overlay"}
{"ts":"2026-09-13T12:55:31.167Z","level":"WARNING","logger":"kairo.context.compressor","msg":"Compression engine unavailable (No module named 'headroom'), using passthrough fallback","service":"axiom-grid-overlay"}
{"ts":"2026-09-13T12:55:31.167Z","level":"INFO","logger":"kairo.context.compressor","msg":"Compressed 13 chunks -> 13 (206 -> 206 tokens, 0.0% reduction)","service":"axiom-grid-overlay"}
{"ts":"2026-09-13T12:55:31.171Z","level":"INFO","logger":"overlay.server","msg":"request completed","service":"axiom-grid-overlay","request_id":"685d3b490db24ad3b1c61cbd14a97049","path":"/demo","status":200,"latency_ms":116.69,"client":"testclient"}
{"ts":"2026-09-13T12:55:31.172Z","level":"INFO","logger":"kernel.sidecar.ingestor","msg":"Ingested sample_memo_01.txt: 13 chunks, 1 pages, sha256=2cee63241b4f234c","service":"axiom-grid-overlay"}
{"ts":"2026-09-13T12:55:31.172Z","level":"INFO","logger":"httpx2","msg":"HTTP Request: POST http://testserver/demo \"HTTP/1.1 200 OK\"","service":"axiom-grid-overlay"}
{"ts":"2026-09-13T12:55:31.181Z","level":"WARNING","logger":"kairo.context.compressor","msg":"Compression engine unavailable (No module named 'headroom'), using passthrough fallback","service":"axiom-grid-overlay"}
{"ts":"2026-09-13T12:55:31.182Z","level":"INFO","logger":"kairo.context.compressor","msg":"Compressed 13 chunks -> 13 (206 -> 206 tokens, 0.0% reduction)","service":"axiom-grid-overlay"}
{"ts":"2026-09-13T12:55:31.185Z","level":"INFO","logger":"overlay.server","msg":"request completed","service":"axiom-grid-overlay","request_id":"dadc763f8ae54405b3568d44d48ff5b9","path":"/demo","status":200,"latency_ms":128.92,"client":"testclient"}
{"ts":"2026-09-13T12:55:31.186Z","level":"INFO","logger":"kernel.sidecar.ingestor","msg":"Ingested sample_memo_01.txt: 13 chunks, 1 pages, sha256=2cee63241b4f234c","service":"axiom-grid-overlay"}
{"ts":"2026-09-13T12:55:31.187Z","level":"INFO","logger":"httpx2","msg":"HTTP Request: POST http://testserver/demo \"HTTP/1.1 200 OK\"","service":"axiom-grid-overlay"}
{"ts":"2026-09-13T12:55:31.196Z","level":"WARNING","logger":"kairo.context.compressor","msg":"Compression engine unavailable (No module named 'headroom'), using passthrough fallback","service":"axiom-grid-overlay"}
{"ts":"2026-09-13T12:55:31.197Z","level":"INFO","logger":"kairo.context.compressor","msg":"Compressed 13 chunks -> 13 (206 -> 206 tokens, 0.0% reduction)","service":"axiom-grid-overlay"}
{"ts":"2026-09-13T12:55:31.200Z","level":"INFO","logger":"overlay.server","msg":"request completed","service":"axiom-grid-overlay","request_id":"7bf5311af11148009a5044b7b107dc90","path":"/demo","status":200,"latency_ms":142.56,"client":"testclient"}
{"ts":"2026-09-13T12:55:31.201Z","level":"INFO","logger":"kernel.sidecar.ingestor","msg":"Ingested sample_memo_01.txt: 13 chunks, 1 pages, sha256=2cee63241b4f234c","service":"axiom-grid-overlay"}
{"ts":"2026-09-13T12:55:31.202Z","level":"INFO","logger":"httpx2","msg":"HTTP Request: POST http://testserver/demo \"HTTP/1.1 200 OK\"","service":"axiom-grid-overlay"}
{"ts":"2026-09-13T12:55:31.211Z","level":"WARNING","logger":"kairo.context.compressor","msg":"Compression engine unavailable (No module named 'headroom'), using passthrough fallback","service":"axiom-grid-overlay"}
{"ts":"2026-09-13T12:55:31.212Z","level":"INFO","logger":"kairo.context.compressor","msg":"Compressed 13 chunks -> 13 (206 -> 206 tokens, 0.0% reduction)","service":"axiom-grid-overlay"}
{"ts":"2026-09-13T12:55:31.215Z","level":"INFO","logger":"overlay.server","msg":"request completed","service":"axiom-grid-overlay","request_id":"5fd92e1df4184fd7b2c849af5c5f222d","path":"/demo","status":200,"latency_ms":152.34,"client":"testclient"}
{"ts":"2026-09-13T12:55:31.215Z","level":"INFO","logger":"kernel.sidecar.ingestor","msg":"Ingested sample_memo_01.txt: 13 chunks, 1 pages, sha256=2cee63241b4f234c","service":"axiom-grid-overlay"}
{"ts":"2026-09-13T12:55:31.216Z","level":"INFO","logger":"httpx2","msg":"HTTP Request: POST http://testserver/demo \"HTTP/1.1 200 OK\"","service":"axiom-grid-overlay"}
{"ts":"2026-09-13T12:55:31.226Z","level":"WARNING","logger":"kairo.context.compressor","msg":"Compression engine unavailable (No module named 'headroom'), using passthrough fallback","service":"axiom-grid-overlay"}
{"ts":"2026-09-13T12:55:31.226Z","level":"INFO","logger":"kairo.context.compressor","msg":"Compressed 13 chunks -> 13 (206 -> 206 tokens, 0.0% reduction)","service":"axiom-grid-overlay"}
{"ts":"2026-09-13T12:55:31.230Z","level":"INFO","logger":"overlay.server","msg":"request completed","service":"axiom-grid-overlay","request_id":"e1e8a508e9174fcc950d8da45ef58fd8","path":"/demo","status":200,"latency_ms":165.41,"client":"testclient"}
{"ts":"2026-09-13T12:55:31.231Z","level":"INFO","logger":"kernel.sidecar.ingestor","msg":"Ingested sample_memo_01.txt: 13 chunks, 1 pages, sha256=2cee63241b4f234c","service":"axiom-grid-overlay"}
{"ts":"2026-09-13T12:55:31.231Z","level":"INFO","logger":"httpx2","msg":"HTTP Request: POST http://testserver/demo \"HTTP/1.1 200 OK\"","service":"axiom-grid-overlay"}
{"ts":"2026-09-13T12:55:31.240Z","level":"WARNING","logger":"kairo.context.compressor","msg":"Compression engine unavailable (No module named 'headroom'), using passthrough fallback","service":"axiom-grid-overlay"}
{"ts":"2026-09-13T12:55:31.240Z","level":"INFO","logger":"kairo.context.compressor","msg":"Compressed 13 chunks -> 13 (206 -> 206 tokens, 0.0% reduction)","service":"axiom-grid-overlay"}
{"ts":"2026-09-13T12:55:31.243Z","level":"INFO","logger":"overlay.server","msg":"request completed","service":"axiom-grid-overlay","request_id":"31c01efbf391471ab748e3f2c41aeb51","path":"/demo","status":200,"latency_ms":176.98,"client":"testclient"}
{"ts":"2026-09-13T12:55:31.244Z","level":"INFO","logger":"kernel.sidecar.ingestor","msg":"Ingested sample_memo_01.txt: 13 chunks, 1 pages, sha256=2cee63241b4f234c","service":"axiom-grid-overlay"}
{"ts":"2026-09-13T12:55:31.245Z","level":"INFO","logger":"httpx2","msg":"HTTP Request: POST http://testserver/demo \"HTTP/1.1 200 OK\"","service":"axiom-grid-overlay"}
{"ts":"2026-09-13T12:55:31.253Z","level":"WARNING","logger":"kairo.context.compressor","msg":"Compression engine unavailable (No module named 'headroom'), using passthrough fallback","service":"axiom-grid-overlay"}
{"ts":"2026-09-13T12:55:31.254Z","level":"INFO","logger":"kairo.context.compressor","msg":"Compressed 13 chunks -> 13 (206 -> 206 tokens, 0.0% reduction)","service":"axiom-grid-overlay"}
{"ts":"2026-09-13T12:55:31.257Z","level":"INFO","logger":"overlay.server","msg":"request completed","service":"axiom-grid-overlay","request_id":"89c87a5c82494150805eff0b873f6e24","path":"/demo","status":200,"latency_ms":195.76,"client":"testclient"}
{"ts":"2026-09-13T12:55:31.258Z","level":"INFO","logger":"httpx2","msg":"HTTP Request: POST http://testserver/demo \"HTTP/1.1 200 OK\"","service":"axiom-grid-overlay"}
{"ts":"2026-09-13T12:55:31.258Z","level":"INFO","logger":"kernel.sidecar.ingestor","msg":"Ingested sample_memo_01.txt: 13 chunks, 1 pages, sha256=2cee63241b4f234c","service":"axiom-grid-overlay"}
{"ts":"2026-09-13T12:55:31.267Z","level":"WARNING","logger":"kairo.context.compressor","msg":"Compression engine unavailable (No module named 'headroom'), using passthrough fallback","service":"axiom-grid-overlay"}
{"ts":"2026-09-13T12:55:31.268Z","level":"INFO","logger":"kairo.context.compressor","msg":"Compressed 13 chunks -> 13 (206 -> 206 tokens, 0.0% reduction)","service":"axiom-grid-overlay"}
{"ts":"2026-09-13T12:55:31.271Z","level":"INFO","logger":"overlay.server","msg":"request completed","service":"axiom-grid-overlay","request_id":"d33c9c7ccf404e5eb235a5e78b6f4ae8","path":"/demo","status":200,"latency_ms":202.3,"client":"testclient"}
{"ts":"2026-09-13T12:55:31.272Z","level":"INFO","logger":"kernel.sidecar.ingestor","msg":"Ingested sample_memo_01.txt: 13 chunks, 1 pages, sha256=2cee63241b4f234c","service":"axiom-grid-overlay"}
{"ts":"2026-09-13T12:55:31.273Z","level":"INFO","logger":"httpx2","msg":"HTTP Request: POST http://testserver/demo \"HTTP/1.1 200 OK\"","service":"axiom-grid-overlay"}
{"ts":"2026-09-13T12:55:31.281Z","level":"WARNING","logger":"kairo.context.compressor","msg":"Compression engine unavailable (No module named 'headroom'), using passthrough fallback","service":"axiom-grid-overlay"}
{"ts":"2026-09-13T12:55:31.285Z","level":"INFO","logger":"kairo.context.compressor","msg":"Compressed 13 chunks -> 13 (206 -> 206 tokens, 0.0% reduction)","service":"axiom-grid-overlay"}
{"ts":"2026-09-13T12:55:31.288Z","level":"INFO","logger":"overlay.server","msg":"request completed","service":"axiom-grid-overlay","request_id":"621698d96e2641dbbf811069264582cb","path":"/demo","status":200,"latency_ms":214.68,"client":"testclient"}
{"ts":"2026-09-13T12:55:31.289Z","level":"INFO","logger":"kernel.sidecar.ingestor","msg":"Ingested sample_memo_01.txt: 13 chunks, 1 pages, sha256=2cee63241b4f234c","service":"axiom-grid-overlay"}
{"ts":"2026-09-13T12:55:31.290Z","level":"INFO","logger":"httpx2","msg":"HTTP Request: POST http://testserver/demo \"HTTP/1.1 200 OK\"","service":"axiom-grid-overlay"}
{"ts":"2026-09-13T12:55:31.298Z","level":"WARNING","logger":"kairo.context.compressor","msg":"Compression engine unavailable (No module named 'headroom'), using passthrough fallback","service":"axiom-grid-overlay"}
{"ts":"2026-09-13T12:55:31.298Z","level":"INFO","logger":"kairo.context.compressor","msg":"Compressed 13 chunks -> 13 (206 -> 206 tokens, 0.0% reduction)","service":"axiom-grid-overlay"}
{"ts":"2026-09-13T12:55:31.301Z","level":"INFO","logger":"overlay.server","msg":"request completed","service":"axiom-grid-overlay","request_id":"b1e6001d1034451d9ab8cc63e1f782e7","path":"/demo","status":200,"latency_ms":224.58,"client":"testclient"}
{"ts":"2026-09-13T12:55:31.302Z","level":"INFO","logger":"kernel.sidecar.ingestor","msg":"Ingested sample_memo_01.txt: 13 chunks, 1 pages, sha256=2cee63241b4f234c","service":"axiom-grid-overlay"}
{"ts":"2026-09-13T12:55:31.303Z","level":"INFO","logger":"httpx2","msg":"HTTP Request: POST http://testserver/demo \"HTTP/1.1 200 OK\"","service":"axiom-grid-overlay"}
{"ts":"2026-09-13T12:55:31.310Z","level":"WARNING","logger":"kairo.context.compressor","msg":"Compression engine unavailable (No module named 'headroom'), using passthrough fallback","service":"axiom-grid-overlay"}
{"ts":"2026-09-13T12:55:31.311Z","level":"INFO","logger":"kairo.context.compressor","msg":"Compressed 13 chunks -> 13 (206 -> 206 tokens, 0.0% reduction)","service":"axiom-grid-overlay"}
{"ts":"2026-09-13T12:55:31.314Z","level":"INFO","logger":"overlay.server","msg":"request completed","service":"axiom-grid-overlay","request_id":"41bc89e189714ce9a6e74029a7f96d7f","path":"/demo","status":200,"latency_ms":238.06,"client":"testclient"}
{"ts":"2026-09-13T12:55:31.314Z","level":"INFO","logger":"kernel.sidecar.ingestor","msg":"Ingested sample_memo_01.txt: 13 chunks, 1 pages, sha256=2cee63241b4f234c","service":"axiom-grid-overlay"}
{"ts":"2026-09-13T12:55:31.315Z","level":"INFO","logger":"httpx2","msg":"HTTP Request: POST http://testserver/demo \"HTTP/1.1 200 OK\"","service":"axiom-grid-overlay"}
{"ts":"2026-09-13T12:55:31.324Z","level":"WARNING","logger":"kairo.context.compressor","msg":"Compression engine unavailable (No module named 'headroom'), using passthrough fallback","service":"axiom-grid-overlay"}
{"ts":"2026-09-13T12:55:31.324Z","level":"INFO","logger":"kairo.context.compressor","msg":"Compressed 13 chunks -> 13 (206 -> 206 tokens, 0.0% reduction)","service":"axiom-grid-overlay"}
{"ts":"2026-09-13T12:55:31.327Z","level":"INFO","logger":"overlay.server","msg":"request completed","service":"axiom-grid-overlay","request_id":"28efe6766cc046f6b98c8490048a72cb","path":"/demo","status":200,"latency_ms":246.65,"client":"testclient"}
{"ts":"2026-09-13T12:55:31.328Z","level":"INFO","logger":"httpx2","msg":"HTTP Request: POST http://testserver/demo \"HTTP/1.1 200 OK\"","service":"axiom-grid-overlay"}
{"ts":"2026-09-13T12:55:31.329Z","level":"INFO","logger":"kernel.sidecar.ingestor","msg":"Ingested sample_memo_01.txt: 13 chunks, 1 pages, sha256=2cee63241b4f234c","service":"axiom-grid-overlay"}
{"ts":"2026-09-13T12:55:31.344Z","level":"WARNING","logger":"kairo.context.compressor","msg":"Compression engine unavailable (No module named 'headroom'), using passthrough fallback","service":"axiom-grid-overlay"}
{"ts":"2026-09-13T12:55:31.344Z","level":"INFO","logger":"kairo.context.compressor","msg":"Compressed 13 chunks -> 13 (206 -> 206 tokens, 0.0% reduction)","service":"axiom-grid-overlay"}
{"ts":"2026-09-13T12:55:31.347Z","level":"INFO","logger":"overlay.server","msg":"request completed","service":"axiom-grid-overlay","request_id":"6c14d3dd0f9d4de98340182d847ed1e1","path":"/demo","status":200,"latency_ms":264.71,"client":"testclient"}
{"ts":"2026-09-13T12:55:31.348Z","level":"INFO","logger":"kernel.sidecar.ingestor","msg":"Ingested sample_memo_01.txt: 13 chunks, 1 pages, sha256=2cee63241b4f234c","service":"axiom-grid-overlay"}
{"ts":"2026-09-13T12:55:31.349Z","level":"INFO","logger":"httpx2","msg":"HTTP Request: POST http://testserver/demo \"HTTP/1.1 200 OK\"","service":"axiom-grid-overlay"}
{"ts":"2026-09-13T12:55:31.357Z","level":"WARNING","logger":"kairo.context.compressor","msg":"Compression engine unavailable (No module named 'headroom'), using passthrough fallback","service":"axiom-grid-overlay"}
{"ts":"2026-09-13T12:55:31.357Z","level":"INFO","logger":"kairo.context.compressor","msg":"Compressed 13 chunks -> 13 (206 -> 206 tokens, 0.0% reduction)","service":"axiom-grid-overlay"}
{"ts":"2026-09-13T12:55:31.361Z","level":"INFO","logger":"overlay.server","msg":"request completed","service":"axiom-grid-overlay","request_id":"68f640eafd974e0aa3aaf10ad60b606b","path":"/demo","status":200,"latency_ms":275.59,"client":"testclient"}
{"ts":"2026-09-13T12:55:31.362Z","level":"INFO","logger":"kernel.sidecar.ingestor","msg":"Ingested sample_memo_01.txt: 13 chunks, 1 pages, sha256=2cee63241b4f234c","service":"axiom-grid-overlay"}
{"ts":"2026-09-13T12:55:31.362Z","level":"INFO","logger":"httpx2","msg":"HTTP Request: POST http://testserver/demo \"HTTP/1.1 200 OK\"","service":"axiom-grid-overlay"}
{"ts":"2026-09-13T12:55:31.370Z","level":"WARNING","logger":"kairo.context.compressor","msg":"Compression engine unavailable (No module named 'headroom'), using passthrough fallback","service":"axiom-grid-overlay"}
{"ts":"2026-09-13T12:55:31.371Z","level":"INFO","logger":"kairo.context.compressor","msg":"Compressed 13 chunks -> 13 (206 -> 206 tokens, 0.0% reduction)","service":"axiom-grid-overlay"}
{"ts":"2026-09-13T12:55:31.374Z","level":"INFO","logger":"overlay.server","msg":"request completed","service":"axiom-grid-overlay","request_id":"12b952172c874fc3a432e59a2cf250a0","path":"/demo","status":200,"latency_ms":285.95,"client":"testclient"}
{"ts":"2026-09-13T12:55:31.375Z","level":"INFO","logger":"kernel.sidecar.ingestor","msg":"Ingested sample_memo_01.txt: 13 chunks, 1 pages, sha256=2cee63241b4f234c","service":"axiom-grid-overlay"}
{"ts":"2026-09-13T12:55:31.375Z","level":"INFO","logger":"httpx2","msg":"HTTP Request: POST http://testserver/demo \"HTTP/1.1 200 OK\"","service":"axiom-grid-overlay"}
{"ts":"2026-09-13T12:55:31.383Z","level":"WARNING","logger":"kairo.context.compressor","msg":"Compression engine unavailable (No module named 'headroom'), using passthrough fallback","service":"axiom-grid-overlay"}
{"ts":"2026-09-13T12:55:31.383Z","level":"INFO","logger":"kairo.context.compressor","msg":"Compressed 13 chunks -> 13 (206 -> 206 tokens, 0.0% reduction)","service":"axiom-grid-overlay"}
{"ts":"2026-09-13T12:55:31.386Z","level":"INFO","logger":"overlay.server","msg":"request completed","service":"axiom-grid-overlay","request_id":"40cde6b1fd2a4d929ed1b4f5e0156877","path":"/demo","status":200,"latency_ms":294.78,"client":"testclient"}
{"ts":"2026-09-13T12:55:31.387Z","level":"INFO","logger":"kernel.sidecar.ingestor","msg":"Ingested sample_memo_01.txt: 13 chunks, 1 pages, sha256=2cee63241b4f234c","service":"axiom-grid-overlay"}
{"ts":"2026-09-13T12:55:31.388Z","level":"INFO","logger":"httpx2","msg":"HTTP Request: POST http://testserver/demo \"HTTP/1.1 200 OK\"","service":"axiom-grid-overlay"}
{"ts":"2026-09-13T12:55:31.396Z","level":"WARNING","logger":"kairo.context.compressor","msg":"Compression engine unavailable (No module named 'headroom'), using passthrough fallback","service":"axiom-grid-overlay"}
{"ts":"2026-09-13T12:55:31.397Z","level":"INFO","logger":"kairo.context.compressor","msg":"Compressed 13 chunks -> 13 (206 -> 206 tokens, 0.0% reduction)","service":"axiom-grid-overlay"}
{"ts":"2026-09-13T12:55:31.400Z","level":"INFO","logger":"overlay.server","msg":"request completed","service":"axiom-grid-overlay","request_id":"b2def03b0ff14d7bbbbd40a7053060d3","path":"/demo","status":200,"latency_ms":305.69,"client":"testclient"}
{"ts":"2026-09-13T12:55:31.401Z","level":"INFO","logger":"kernel.sidecar.ingestor","msg":"Ingested sample_memo_01.txt: 13 chunks, 1 pages, sha256=2cee63241b4f234c","service":"axiom-grid-overlay"}
{"ts":"2026-09-13T12:55:31.402Z","level":"INFO","logger":"httpx2","msg":"HTTP Request: POST http://testserver/demo \"HTTP/1.1 200 OK\"","service":"axiom-grid-overlay"}
{"ts":"2026-09-13T12:55:31.410Z","level":"WARNING","logger":"kairo.context.compressor","msg":"Compression engine unavailable (No module named 'headroom'), using passthrough fallback","service":"axiom-grid-overlay"}
{"ts":"2026-09-13T12:55:31.411Z","level":"INFO","logger":"kairo.context.compressor","msg":"Compressed 13 chunks -> 13 (206 -> 206 tokens, 0.0% reduction)","service":"axiom-grid-overlay"}
{"ts":"2026-09-13T12:55:31.413Z","level":"INFO","logger":"overlay.server","msg":"request completed","service":"axiom-grid-overlay","request_id":"6d206d5ca7d64fbb9a12503fe3797fce","path":"/demo","status":200,"latency_ms":285.95,"client":"testclient"}
{"ts":"2026-09-13T12:55:31.414Z","level":"INFO","logger":"kernel.sidecar.ingestor","msg":"Ingested sample_memo_01.txt: 13 chunks, 1 pages, sha256=2cee63241b4f234c","service":"axiom-grid-overlay"}
{"ts":"2026-09-13T12:55:31.415Z","level":"INFO","logger":"httpx2","msg":"HTTP Request: POST http://testserver/demo \"HTTP/1.1 200 OK\"","service":"axiom-grid-overlay"}
{"ts":"2026-09-13T12:55:31.423Z","level":"WARNING","logger":"kairo.context.compressor","msg":"Compression engine unavailable (No module named 'headroom'), using passthrough fallback","service":"axiom-grid-overlay"}
{"ts":"2026-09-13T12:55:31.424Z","level":"INFO","logger":"kairo.context.compressor","msg":"Compressed 13 chunks -> 13 (206 -> 206 tokens, 0.0% reduction)","service":"axiom-grid-overlay"}
{"ts":"2026-09-13T12:55:31.428Z","level":"INFO","logger":"overlay.server","msg":"request completed","service":"axiom-grid-overlay","request_id":"1a9df07f742a4051bfcc99a2bc3912e0","path":"/demo","status":200,"latency_ms":302.76,"client":"testclient"}
{"ts":"2026-09-13T12:55:31.429Z","level":"INFO","logger":"kernel.sidecar.ingestor","msg":"Ingested sample_memo_01.txt: 13 chunks, 1 pages, sha256=2cee63241b4f234c","service":"axiom-grid-overlay"}
{"ts":"2026-09-13T12:55:31.430Z","level":"INFO","logger":"httpx2","msg":"HTTP Request: POST http://testserver/demo \"HTTP/1.1 200 OK\"","service":"axiom-grid-overlay"}
{"ts":"2026-09-13T12:55:31.437Z","level":"WARNING","logger":"kairo.context.compressor","msg":"Compression engine unavailable (No module named 'headroom'), using passthrough fallback","service":"axiom-grid-overlay"}
{"ts":"2026-09-13T12:55:31.438Z","level":"INFO","logger":"kairo.context.compressor","msg":"Compressed 13 chunks -> 13 (206 -> 206 tokens, 0.0% reduction)","service":"axiom-grid-overlay"}
{"ts":"2026-09-13T12:55:31.441Z","level":"INFO","logger":"overlay.server","msg":"request completed","service":"axiom-grid-overlay","request_id":"6ae3e984eb034589a1650fb2aae4b77b","path":"/demo","status":200,"latency_ms":317.68,"client":"testclient"}
{"ts":"2026-09-13T12:55:31.442Z","level":"INFO","logger":"kernel.sidecar.ingestor","msg":"Ingested sample_memo_01.txt: 13 chunks, 1 pages, sha256=2cee63241b4f234c","service":"axiom-grid-overlay"}
{"ts":"2026-09-13T12:55:31.442Z","level":"INFO","logger":"httpx2","msg":"HTTP Request: POST http://testserver/demo \"HTTP/1.1 200 OK\"","service":"axiom-grid-overlay"}
{"ts":"2026-09-13T12:55:31.451Z","level":"WARNING","logger":"kairo.context.compressor","msg":"Compression engine unavailable (No module named 'headroom'), using passthrough fallback","service":"axiom-grid-overlay"}
{"ts":"2026-09-13T12:55:31.452Z","level":"INFO","logger":"kairo.context.compressor","msg":"Compressed 13 chunks -> 13 (206 -> 206 tokens, 0.0% reduction)","service":"axiom-grid-overlay"}
{"ts":"2026-09-13T12:55:31.454Z","level":"INFO","logger":"kernel.sidecar.ingestor","msg":"Ingested sample_memo_01.txt: 13 chunks, 1 pages, sha256=2cee63241b4f234c","service":"axiom-grid-overlay"}
{"ts":"2026-09-13T12:55:31.455Z","level":"INFO","logger":"overlay.server","msg":"request completed","service":"axiom-grid-overlay","request_id":"baffcf9064b447cbbf23c10b50ce3873","path":"/demo","status":200,"latency_ms":332.41,"client":"testclient"}
{"ts":"2026-09-13T12:55:31.456Z","level":"INFO","logger":"httpx2","msg":"HTTP Request: POST http://testserver/demo \"HTTP/1.1 200 OK\"","service":"axiom-grid-overlay"}
{"ts":"2026-09-13T12:55:31.464Z","level":"WARNING","logger":"kairo.context.compressor","msg":"Compression engine unavailable (No module named 'headroom'), using passthrough fallback","service":"axiom-grid-overlay"}
{"ts":"2026-09-13T12:55:31.465Z","level":"INFO","logger":"kairo.context.compressor","msg":"Compressed 13 chunks -> 13 (206 -> 206 tokens, 0.0% reduction)","service":"axiom-grid-overlay"}
{"ts":"2026-09-13T12:55:31.467Z","level":"INFO","logger":"overlay.server","msg":"request completed","service":"axiom-grid-overlay","request_id":"050780afaac444c08c490a4f072e70dc","path":"/demo","status":200,"latency_ms":331.98,"client":"testclient"}
{"ts":"2026-09-13T12:55:31.468Z","level":"INFO","logger":"kernel.sidecar.ingestor","msg":"Ingested sample_memo_01.txt: 13 chunks, 1 pages, sha256=2cee63241b4f234c","service":"axiom-grid-overlay"}
{"ts":"2026-09-13T12:55:31.469Z","level":"INFO","logger":"httpx2","msg":"HTTP Request: POST http://testserver/demo \"HTTP/1.1 200 OK\"","service":"axiom-grid-overlay"}
{"ts":"2026-09-13T12:55:31.476Z","level":"WARNING","logger":"kairo.context.compressor","msg":"Compression engine unavailable (No module named 'headroom'), using passthrough fallback","service":"axiom-grid-overlay"}
{"ts":"2026-09-13T12:55:31.477Z","level":"INFO","logger":"kairo.context.compressor","msg":"Compressed 13 chunks -> 13 (206 -> 206 tokens, 0.0% reduction)","service":"axiom-grid-overlay"}
{"ts":"2026-09-13T12:55:31.480Z","level":"INFO","logger":"overlay.server","msg":"request completed","service":"axiom-grid-overlay","request_id":"c461b6f67d294dd0923ce72778741a2c","path":"/demo","status":200,"latency_ms":354.23,"client":"testclient"}
{"ts":"2026-09-13T12:55:31.481Z","level":"INFO","logger":"kernel.sidecar.ingestor","msg":"Ingested sample_memo_01.txt: 13 chunks, 1 pages, sha256=2cee63241b4f234c","service":"axiom-grid-overlay"}
{"ts":"2026-09-13T12:55:31.481Z","level":"INFO","logger":"httpx2","msg":"HTTP Request: POST http://testserver/demo \"HTTP/1.1 200 OK\"","service":"axiom-grid-overlay"}
{"ts":"2026-09-13T12:55:31.488Z","level":"WARNING","logger":"kairo.context.compressor","msg":"Compression engine unavailable (No module named 'headroom'), using passthrough fallback","service":"axiom-grid-overlay"}
{"ts":"2026-09-13T12:55:31.488Z","level":"INFO","logger":"kairo.context.compressor","msg":"Compressed 13 chunks -> 13 (206 -> 206 tokens, 0.0% reduction)","service":"axiom-grid-overlay"}
{"ts":"2026-09-13T12:55:31.491Z","level":"INFO","logger":"overlay.server","msg":"request completed","service":"axiom-grid-overlay","request_id":"fc3457b79c724e69bf783729b51e38bc","path":"/demo","status":200,"latency_ms":351.46,"client":"testclient"}
{"ts":"2026-09-13T12:55:31.492Z","level":"INFO","logger":"httpx2","msg":"HTTP Request: POST http://testserver/demo \"HTTP/1.1 200 OK\"","service":"axiom-grid-overlay"}
{"ts":"2026-09-13T12:55:31.493Z","level":"INFO","logger":"kernel.sidecar.ingestor","msg":"Ingested sample_memo_01.txt: 13 chunks, 1 pages, sha256=2cee63241b4f234c","service":"axiom-grid-overlay"}
{"ts":"2026-09-13T12:55:31.500Z","level":"WARNING","logger":"kairo.context.compressor","msg":"Compression engine unavailable (No module named 'headroom'), using passthrough fallback","service":"axiom-grid-overlay"}
{"ts":"2026-09-13T12:55:31.501Z","level":"INFO","logger":"kairo.context.compressor","msg":"Compressed 13 chunks -> 13 (206 -> 206 tokens, 0.0% reduction)","service":"axiom-grid-overlay"}
{"ts":"2026-09-13T12:55:31.504Z","level":"INFO","logger":"overlay.server","msg":"request completed","service":"axiom-grid-overlay","request_id":"964cf70dafe94845b868170ce4fdec4f","path":"/demo","status":200,"latency_ms":370.93,"client":"testclient"}
{"ts":"2026-09-13T12:55:31.505Z","level":"INFO","logger":"kernel.sidecar.ingestor","msg":"Ingested sample_memo_01.txt: 13 chunks, 1 pages, sha256=2cee63241b4f234c","service":"axiom-grid-overlay"}
{"ts":"2026-09-13T12:55:31.505Z","level":"INFO","logger":"httpx2","msg":"HTTP Request: POST http://testserver/demo \"HTTP/1.1 200 OK\"","service":"axiom-grid-overlay"}
{"ts":"2026-09-13T12:55:31.512Z","level":"WARNING","logger":"kairo.context.compressor","msg":"Compression engine unavailable (No module named 'headroom'), using passthrough fallback","service":"axiom-grid-overlay"}
{"ts":"2026-09-13T12:55:31.513Z","level":"INFO","logger":"kairo.context.compressor","msg":"Compressed 13 chunks -> 13 (206 -> 206 tokens, 0.0% reduction)","service":"axiom-grid-overlay"}
{"ts":"2026-09-13T12:55:31.515Z","level":"INFO","logger":"overlay.server","msg":"request completed","service":"axiom-grid-overlay","request_id":"2f02924c905d4810a9298b971470ef4a","path":"/demo","status":200,"latency_ms":378.77,"client":"testclient"}
{"ts":"2026-09-13T12:55:31.516Z","level":"INFO","logger":"kernel.sidecar.ingestor","msg":"Ingested sample_memo_01.txt: 13 chunks, 1 pages, sha256=2cee63241b4f234c","service":"axiom-grid-overlay"}
{"ts":"2026-09-13T12:55:31.517Z","level":"INFO","logger":"httpx2","msg":"HTTP Request: POST http://testserver/demo \"HTTP/1.1 200 OK\"","service":"axiom-grid-overlay"}
{"ts":"2026-09-13T12:55:31.523Z","level":"WARNING","logger":"kairo.context.compressor","msg":"Compression engine unavailable (No module named 'headroom'), using passthrough fallback","service":"axiom-grid-overlay"}
{"ts":"2026-09-13T12:55:31.524Z","level":"INFO","logger":"kairo.context.compressor","msg":"Compressed 13 chunks -> 13 (206 -> 206 tokens, 0.0% reduction)","service":"axiom-grid-overlay"}
{"ts":"2026-09-13T12:55:31.527Z","level":"INFO","logger":"overlay.server","msg":"request completed","service":"axiom-grid-overlay","request_id":"35f87b41a89c4dd99484722b4f948527","path":"/demo","status":200,"latency_ms":402.33,"client":"testclient"}
{"ts":"2026-09-13T12:55:31.528Z","level":"INFO","logger":"kernel.sidecar.ingestor","msg":"Ingested sample_memo_01.txt: 13 chunks, 1 pages, sha256=2cee63241b4f234c","service":"axiom-grid-overlay"}
{"ts":"2026-09-13T12:55:31.528Z","level":"INFO","logger":"httpx2","msg":"HTTP Request: POST http://testserver/demo \"HTTP/1.1 200 OK\"","service":"axiom-grid-overlay"}
{"ts":"2026-09-13T12:55:31.541Z","level":"WARNING","logger":"kairo.context.compressor","msg":"Compression engine unavailable (No module named 'headroom'), using passthrough fallback","service":"axiom-grid-overlay"}
{"ts":"2026-09-13T12:55:31.541Z","level":"INFO","logger":"kairo.context.compressor","msg":"Compressed 13 chunks -> 13 (206 -> 206 tokens, 0.0% reduction)","service":"axiom-grid-overlay"}
{"ts":"2026-09-13T12:55:31.544Z","level":"INFO","logger":"overlay.server","msg":"request completed","service":"axiom-grid-overlay","request_id":"096e7859e0924193b338b67a000310c9","path":"/demo","status":200,"latency_ms":410.43,"client":"testclient"}
{"ts":"2026-09-13T12:55:31.545Z","level":"INFO","logger":"kernel.sidecar.ingestor","msg":"Ingested sample_memo_01.txt: 13 chunks, 1 pages, sha256=2cee63241b4f234c","service":"axiom-grid-overlay"}
{"ts":"2026-09-13T12:55:31.545Z","level":"INFO","logger":"httpx2","msg":"HTTP Request: POST http://testserver/demo \"HTTP/1.1 200 OK\"","service":"axiom-grid-overlay"}
{"ts":"2026-09-13T12:55:31.554Z","level":"WARNING","logger":"kairo.context.compressor","msg":"Compression engine unavailable (No module named 'headroom'), using passthrough fallback","service":"axiom-grid-overlay"}
{"ts":"2026-09-13T12:55:31.555Z","level":"INFO","logger":"kairo.context.compressor","msg":"Compressed 13 chunks -> 13 (206 -> 206 tokens, 0.0% reduction)","service":"axiom-grid-overlay"}
{"ts":"2026-09-13T12:55:31.558Z","level":"INFO","logger":"overlay.server","msg":"request completed","service":"axiom-grid-overlay","request_id":"ac37fffa61cb40ddadfd160b5f786648","path":"/demo","status":200,"latency_ms":414.79,"client":"testclient"}
{"ts":"2026-09-13T12:55:31.559Z","level":"INFO","logger":"kernel.sidecar.ingestor","msg":"Ingested sample_memo_01.txt: 13 chunks, 1 pages, sha256=2cee63241b4f234c","service":"axiom-grid-overlay"}
{"ts":"2026-09-13T12:55:31.560Z","level":"INFO","logger":"httpx2","msg":"HTTP Request: POST http://testserver/demo \"HTTP/1.1 200 OK\"","service":"axiom-grid-overlay"}
{"ts":"2026-09-13T12:55:31.567Z","level":"WARNING","logger":"kairo.context.compressor","msg":"Compression engine unavailable (No module named 'headroom'), using passthrough fallback","service":"axiom-grid-overlay"}
{"ts":"2026-09-13T12:55:31.568Z","level":"INFO","logger":"kairo.context.compressor","msg":"Compressed 13 chunks -> 13 (206 -> 206 tokens, 0.0% reduction)","service":"axiom-grid-overlay"}
{"ts":"2026-09-13T12:55:31.570Z","level":"INFO","logger":"overlay.server","msg":"request completed","service":"axiom-grid-overlay","request_id":"25550835c6c84e558c2574ecc52c2c24","path":"/demo","status":200,"latency_ms":411.19,"client":"testclient"}
{"ts":"2026-09-13T12:55:31.572Z","level":"INFO","logger":"httpx2","msg":"HTTP Request: POST http://testserver/demo \"HTTP/1.1 200 OK\"","service":"axiom-grid-overlay"}
{"ts":"2026-09-13T12:55:31.572Z","level":"INFO","logger":"kernel.sidecar.ingestor","msg":"Ingested sample_memo_01.txt: 13 chunks, 1 pages, sha256=2cee63241b4f234c","service":"axiom-grid-overlay"}
{"ts":"2026-09-13T12:55:31.579Z","level":"WARNING","logger":"kairo.context.compressor","msg":"Compression engine unavailable (No module named 'headroom'), using passthrough fallback","service":"axiom-grid-overlay"}
{"ts":"2026-09-13T12:55:31.580Z","level":"INFO","logger":"kairo.context.compressor","msg":"Compressed 13 chunks -> 13 (206 -> 206 tokens, 0.0% reduction)","service":"axiom-grid-overlay"}
{"ts":"2026-09-13T12:55:31.583Z","level":"INFO","logger":"overlay.server","msg":"request completed","service":"axiom-grid-overlay","request_id":"c191adbb426b4173b69e34b4be3a4499","path":"/demo","status":200,"latency_ms":409.03,"client":"testclient"}
{"ts":"2026-09-13T12:55:31.584Z","level":"INFO","logger":"kernel.sidecar.ingestor","msg":"Ingested sample_memo_01.txt: 13 chunks, 1 pages, sha256=2cee63241b4f234c","service":"axiom-grid-overlay"}
{"ts":"2026-09-13T12:55:31.584Z","level":"INFO","logger":"httpx2","msg":"HTTP Request: POST http://testserver/demo \"HTTP/1.1 200 OK\"","service":"axiom-grid-overlay"}
{"ts":"2026-09-13T12:55:31.591Z","level":"WARNING","logger":"kairo.context.compressor","msg":"Compression engine unavailable (No module named 'headroom'), using passthrough fallback","service":"axiom-grid-overlay"}
{"ts":"2026-09-13T12:55:31.592Z","level":"INFO","logger":"kairo.context.compressor","msg":"Compressed 13 chunks -> 13 (206 -> 206 tokens, 0.0% reduction)","service":"axiom-grid-overlay"}
{"ts":"2026-09-13T12:55:31.595Z","level":"INFO","logger":"overlay.server","msg":"request completed","service":"axiom-grid-overlay","request_id":"bb52e43ac9c74cee9897af056a67bfcf","path":"/demo","status":200,"latency_ms":407.13,"client":"testclient"}
{"ts":"2026-09-13T12:55:31.596Z","level":"INFO","logger":"httpx2","msg":"HTTP Request: POST http://testserver/demo \"HTTP/1.1 200 OK\"","service":"axiom-grid-overlay"}
{"ts":"2026-09-13T12:55:31.597Z","level":"INFO","logger":"kernel.sidecar.ingestor","msg":"Ingested sample_memo_01.txt: 13 chunks, 1 pages, sha256=2cee63241b4f234c","service":"axiom-grid-overlay"}
{"ts":"2026-09-13T12:55:31.604Z","level":"WARNING","logger":"kairo.context.compressor","msg":"Compression engine unavailable (No module named 'headroom'), using passthrough fallback","service":"axiom-grid-overlay"}
{"ts":"2026-09-13T12:55:31.604Z","level":"INFO","logger":"kairo.context.compressor","msg":"Compressed 13 chunks -> 13 (206 -> 206 tokens, 0.0% reduction)","service":"axiom-grid-overlay"}
{"ts":"2026-09-13T12:55:31.607Z","level":"INFO","logger":"overlay.server","msg":"request completed","service":"axiom-grid-overlay","request_id":"093cb1c1137a40a7afdfff39fff9ea60","path":"/demo","status":200,"latency_ms":404.17,"client":"testclient"}
{"ts":"2026-09-13T12:55:31.608Z","level":"INFO","logger":"kernel.sidecar.ingestor","msg":"Ingested sample_memo_01.txt: 13 chunks, 1 pages, sha256=2cee63241b4f234c","service":"axiom-grid-overlay"}
{"ts":"2026-09-13T12:55:31.609Z","level":"INFO","logger":"httpx2","msg":"HTTP Request: POST http://testserver/demo \"HTTP/1.1 200 OK\"","service":"axiom-grid-overlay"}
{"ts":"2026-09-13T12:55:31.616Z","level":"WARNING","logger":"kairo.context.compressor","msg":"Compression engine unavailable (No module named 'headroom'), using passthrough fallback","service":"axiom-grid-overlay"}
{"ts":"2026-09-13T12:55:31.617Z","level":"INFO","logger":"kairo.context.compressor","msg":"Compressed 13 chunks -> 13 (206 -> 206 tokens, 0.0% reduction)","service":"axiom-grid-overlay"}
{"ts":"2026-09-13T12:55:31.620Z","level":"INFO","logger":"overlay.server","msg":"request completed","service":"axiom-grid-overlay","request_id":"b82d9182f62045b99d7d9c4f117d799c","path":"/demo","status":200,"latency_ms":402.77,"client":"testclient"}
{"ts":"2026-09-13T12:55:31.621Z","level":"INFO","logger":"kernel.sidecar.ingestor","msg":"Ingested sample_memo_01.txt: 13 chunks, 1 pages, sha256=2cee63241b4f234c","service":"axiom-grid-overlay"}
{"ts":"2026-09-13T12:55:31.621Z","level":"INFO","logger":"httpx2","msg":"HTTP Request: POST http://testserver/demo \"HTTP/1.1 200 OK\"","service":"axiom-grid-overlay"}
{"ts":"2026-09-13T12:55:31.629Z","level":"WARNING","logger":"kairo.context.compressor","msg":"Compression engine unavailable (No module named 'headroom'), using passthrough fallback","service":"axiom-grid-overlay"}
{"ts":"2026-09-13T12:55:31.630Z","level":"INFO","logger":"kairo.context.compressor","msg":"Compressed 13 chunks -> 13 (206 -> 206 tokens, 0.0% reduction)","service":"axiom-grid-overlay"}
{"ts":"2026-09-13T12:55:31.632Z","level":"INFO","logger":"kernel.sidecar.ingestor","msg":"Ingested sample_memo_01.txt: 13 chunks, 1 pages, sha256=2cee63241b4f234c","service":"axiom-grid-overlay"}
{"ts":"2026-09-13T12:55:31.633Z","level":"INFO","logger":"overlay.server","msg":"request completed","service":"axiom-grid-overlay","request_id":"36300ad4fbe142fcbf71c3ad559998e5","path":"/demo","status":200,"latency_ms":400.91,"client":"testclient"}
{"ts":"2026-09-13T12:55:31.634Z","level":"INFO","logger":"httpx2","msg":"HTTP Request: POST http://testserver/demo \"HTTP/1.1 200 OK\"","service":"axiom-grid-overlay"}
{"ts":"2026-09-13T12:55:31.641Z","level":"WARNING","logger":"kairo.context.compressor","msg":"Compression engine unavailable (No module named 'headroom'), using passthrough fallback","service":"axiom-grid-overlay"}
{"ts":"2026-09-13T12:55:31.642Z","level":"INFO","logger":"kairo.context.compressor","msg":"Compressed 13 chunks -> 13 (206 -> 206 tokens, 0.0% reduction)","service":"axiom-grid-overlay"}
{"ts":"2026-09-13T12:55:31.644Z","level":"INFO","logger":"overlay.server","msg":"request completed","service":"axiom-grid-overlay","request_id":"d12a8520042642ff8913c48505b47c31","path":"/demo","status":200,"latency_ms":398.82,"client":"testclient"}
{"ts":"2026-09-13T12:55:31.645Z","level":"INFO","logger":"kernel.sidecar.ingestor","msg":"Ingested sample_memo_01.txt: 13 chunks, 1 pages, sha256=2cee63241b4f234c","service":"axiom-grid-overlay"}
{"ts":"2026-09-13T12:55:31.646Z","level":"INFO","logger":"httpx2","msg":"HTTP Request: POST http://testserver/demo \"HTTP/1.1 200 OK\"","service":"axiom-grid-overlay"}
{"ts":"2026-09-13T12:55:31.654Z","level":"WARNING","logger":"kairo.context.compressor","msg":"Compression engine unavailable (No module named 'headroom'), using passthrough fallback","service":"axiom-grid-overlay"}
{"ts":"2026-09-13T12:55:31.654Z","level":"INFO","logger":"kairo.context.compressor","msg":"Compressed 13 chunks -> 13 (206 -> 206 tokens, 0.0% reduction)","service":"axiom-grid-overlay"}
{"ts":"2026-09-13T12:55:31.658Z","level":"INFO","logger":"overlay.server","msg":"request completed","service":"axiom-grid-overlay","request_id":"ca9dbc1304834166ae30d128aad0be67","path":"/demo","status":200,"latency_ms":399.04,"client":"testclient"}
{"ts":"2026-09-13T12:55:31.659Z","level":"INFO","logger":"kernel.sidecar.ingestor","msg":"Ingested sample_memo_01.txt: 13 chunks, 1 pages, sha256=2cee63241b4f234c","service":"axiom-grid-overlay"}
{"ts":"2026-09-13T12:55:31.659Z","level":"INFO","logger":"httpx2","msg":"HTTP Request: POST http://testserver/demo \"HTTP/1.1 200 OK\"","service":"axiom-grid-overlay"}
{"ts":"2026-09-13T12:55:31.666Z","level":"WARNING","logger":"kairo.context.compressor","msg":"Compression engine unavailable (No module named 'headroom'), using passthrough fallback","service":"axiom-grid-overlay"}
{"ts":"2026-09-13T12:55:31.667Z","level":"INFO","logger":"kairo.context.compressor","msg":"Compressed 13 chunks -> 13 (206 -> 206 tokens, 0.0% reduction)","service":"axiom-grid-overlay"}
{"ts":"2026-09-13T12:55:31.669Z","level":"INFO","logger":"overlay.server","msg":"request completed","service":"axiom-grid-overlay","request_id":"cc6555d250e84b7cabf8a4d1c1c410aa","path":"/demo","status":200,"latency_ms":395.7,"client":"testclient"}
{"ts":"2026-09-13T12:55:31.670Z","level":"INFO","logger":"kernel.sidecar.ingestor","msg":"Ingested sample_memo_01.txt: 13 chunks, 1 pages, sha256=2cee63241b4f234c","service":"axiom-grid-overlay"}
{"ts":"2026-09-13T12:55:31.671Z","level":"INFO","logger":"httpx2","msg":"HTTP Request: POST http://testserver/demo \"HTTP/1.1 200 OK\"","service":"axiom-grid-overlay"}
{"ts":"2026-09-13T12:55:31.678Z","level":"WARNING","logger":"kairo.context.compressor","msg":"Compression engine unavailable (No module named 'headroom'), using passthrough fallback","service":"axiom-grid-overlay"}
{"ts":"2026-09-13T12:55:31.678Z","level":"INFO","logger":"kairo.context.compressor","msg":"Compressed 13 chunks -> 13 (206 -> 206 tokens, 0.0% reduction)","service":"axiom-grid-overlay"}
{"ts":"2026-09-13T12:55:31.681Z","level":"INFO","logger":"overlay.server","msg":"request completed","service":"axiom-grid-overlay","request_id":"9aa9b097fa264a65815a6c2a88ecdfb2","path":"/demo","status":200,"latency_ms":390.25,"client":"testclient"}
{"ts":"2026-09-13T12:55:31.682Z","level":"INFO","logger":"kernel.sidecar.ingestor","msg":"Ingested sample_memo_01.txt: 13 chunks, 1 pages, sha256=2cee63241b4f234c","service":"axiom-grid-overlay"}
{"ts":"2026-09-13T12:55:31.682Z","level":"INFO","logger":"httpx2","msg":"HTTP Request: POST http://testserver/demo \"HTTP/1.1 200 OK\"","service":"axiom-grid-overlay"}
{"ts":"2026-09-13T12:55:31.689Z","level":"WARNING","logger":"kairo.context.compressor","msg":"Compression engine unavailable (No module named 'headroom'), using passthrough fallback","service":"axiom-grid-overlay"}
{"ts":"2026-09-13T12:55:31.690Z","level":"INFO","logger":"kairo.context.compressor","msg":"Compressed 13 chunks -> 13 (206 -> 206 tokens, 0.0% reduction)","service":"axiom-grid-overlay"}
{"ts":"2026-09-13T12:55:31.692Z","level":"INFO","logger":"overlay.server","msg":"request completed","service":"axiom-grid-overlay","request_id":"db6e1f664eec429da8243d8640055bec","path":"/demo","status":200,"latency_ms":388.72,"client":"testclient"}
{"ts":"2026-09-13T12:55:31.693Z","level":"INFO","logger":"kernel.sidecar.ingestor","msg":"Ingested sample_memo_01.txt: 13 chunks, 1 pages, sha256=2cee63241b4f234c","service":"axiom-grid-overlay"}
{"ts":"2026-09-13T12:55:31.694Z","level":"INFO","logger":"httpx2","msg":"HTTP Request: POST http://testserver/demo \"HTTP/1.1 200 OK\"","service":"axiom-grid-overlay"}
{"ts":"2026-09-13T12:55:31.700Z","level":"WARNING","logger":"kairo.context.compressor","msg":"Compression engine unavailable (No module named 'headroom'), using passthrough fallback","service":"axiom-grid-overlay"}
{"ts":"2026-09-13T12:55:31.701Z","level":"INFO","logger":"kairo.context.compressor","msg":"Compressed 13 chunks -> 13 (206 -> 206 tokens, 0.0% reduction)","service":"axiom-grid-overlay"}
{"ts":"2026-09-13T12:55:31.703Z","level":"INFO","logger":"overlay.server","msg":"request completed","service":"axiom-grid-overlay","request_id":"041093c0c37f48728bd6e4b9a181d9e4","path":"/demo","status":200,"latency_ms":387.4,"client":"testclient"}
{"ts":"2026-09-13T12:55:31.704Z","level":"INFO","logger":"kernel.sidecar.ingestor","msg":"Ingested sample_memo_01.txt: 13 chunks, 1 pages, sha256=2cee63241b4f234c","service":"axiom-grid-overlay"}
{"ts":"2026-09-13T12:55:31.705Z","level":"INFO","logger":"httpx2","msg":"HTTP Request: POST http://testserver/demo \"HTTP/1.1 200 OK\"","service":"axiom-grid-overlay"}
{"ts":"2026-09-13T12:55:31.712Z","level":"WARNING","logger":"kairo.context.compressor","msg":"Compression engine unavailable (No module named 'headroom'), using passthrough fallback","service":"axiom-grid-overlay"}
{"ts":"2026-09-13T12:55:31.712Z","level":"INFO","logger":"kairo.context.compressor","msg":"Compressed 13 chunks -> 13 (206 -> 206 tokens, 0.0% reduction)","service":"axiom-grid-overlay"}
{"ts":"2026-09-13T12:55:31.715Z","level":"INFO","logger":"overlay.server","msg":"request completed","service":"axiom-grid-overlay","request_id":"f4a3dfb678124cbbadf31f8fda5e0a19","path":"/demo","status":200,"latency_ms":385.85,"client":"testclient"}
{"ts":"2026-09-13T12:55:31.716Z","level":"INFO","logger":"kernel.sidecar.ingestor","msg":"Ingested sample_memo_01.txt: 13 chunks, 1 pages, sha256=2cee63241b4f234c","service":"axiom-grid-overlay"}
{"ts":"2026-09-13T12:55:31.717Z","level":"INFO","logger":"httpx2","msg":"HTTP Request: POST http://testserver/demo \"HTTP/1.1 200 OK\"","service":"axiom-grid-overlay"}
{"ts":"2026-09-13T12:55:31.731Z","level":"WARNING","logger":"kairo.context.compressor","msg":"Compression engine unavailable (No module named 'headroom'), using passthrough fallback","service":"axiom-grid-overlay"}
{"ts":"2026-09-13T12:55:31.732Z","level":"INFO","logger":"kairo.context.compressor","msg":"Compressed 13 chunks -> 13 (206 -> 206 tokens, 0.0% reduction)","service":"axiom-grid-overlay"}
{"ts":"2026-09-13T12:55:31.734Z","level":"INFO","logger":"overlay.server","msg":"request completed","service":"axiom-grid-overlay","request_id":"0a22f2259cdf4c44a198a28aaf95d947","path":"/demo","status":200,"latency_ms":384.56,"client":"testclient"}
{"ts":"2026-09-13T12:55:31.735Z","level":"INFO","logger":"kernel.sidecar.ingestor","msg":"Ingested sample_memo_01.txt: 13 chunks, 1 pages, sha256=2cee63241b4f234c","service":"axiom-grid-overlay"}
{"ts":"2026-09-13T12:55:31.736Z","level":"INFO","logger":"httpx2","msg":"HTTP Request: POST http://testserver/demo \"HTTP/1.1 200 OK\"","service":"axiom-grid-overlay"}
{"ts":"2026-09-13T12:55:31.744Z","level":"WARNING","logger":"kairo.context.compressor","msg":"Compression engine unavailable (No module named 'headroom'), using passthrough fallback","service":"axiom-grid-overlay"}
{"ts":"2026-09-13T12:55:31.744Z","level":"INFO","logger":"kairo.context.compressor","msg":"Compressed 13 chunks -> 13 (206 -> 206 tokens, 0.0% reduction)","service":"axiom-grid-overlay"}
{"ts":"2026-09-13T12:55:31.747Z","level":"INFO","logger":"overlay.server","msg":"request completed","service":"axiom-grid-overlay","request_id":"32e47185b4f341d4b9b2e7251965f28f","path":"/demo","status":200,"latency_ms":384.08,"client":"testclient"}
{"ts":"2026-09-13T12:55:31.748Z","level":"INFO","logger":"kernel.sidecar.ingestor","msg":"Ingested sample_memo_01.txt: 13 chunks, 1 pages, sha256=2cee63241b4f234c","service":"axiom-grid-overlay"}
{"ts":"2026-09-13T12:55:31.748Z","level":"INFO","logger":"httpx2","msg":"HTTP Request: POST http://testserver/demo \"HTTP/1.1 200 OK\"","service":"axiom-grid-overlay"}
{"ts":"2026-09-13T12:55:31.757Z","level":"WARNING","logger":"kairo.context.compressor","msg":"Compression engine unavailable (No module named 'headroom'), using passthrough fallback","service":"axiom-grid-overlay"}
{"ts":"2026-09-13T12:55:31.758Z","level":"INFO","logger":"kairo.context.compressor","msg":"Compressed 13 chunks -> 13 (206 -> 206 tokens, 0.0% reduction)","service":"axiom-grid-overlay"}
{"ts":"2026-09-13T12:55:31.761Z","level":"INFO","logger":"overlay.server","msg":"request completed","service":"axiom-grid-overlay","request_id":"4c06121afa8f412d96f0538c59ba189d","path":"/demo","status":200,"latency_ms":384.58,"client":"testclient"}
{"ts":"2026-09-13T12:55:31.761Z","level":"INFO","logger":"kernel.sidecar.ingestor","msg":"Ingested sample_memo_01.txt: 13 chunks, 1 pages, sha256=2cee63241b4f234c","service":"axiom-grid-overlay"}
{"ts":"2026-09-13T12:55:31.762Z","level":"INFO","logger":"httpx2","msg":"HTTP Request: POST http://testserver/demo \"HTTP/1.1 200 OK\"","service":"axiom-grid-overlay"}
{"ts":"2026-09-13T12:55:31.770Z","level":"WARNING","logger":"kairo.context.compressor","msg":"Compression engine unavailable (No module named 'headroom'), using passthrough fallback","service":"axiom-grid-overlay"}
{"ts":"2026-09-13T12:55:31.770Z","level":"INFO","logger":"kairo.context.compressor","msg":"Compressed 13 chunks -> 13 (206 -> 206 tokens, 0.0% reduction)","service":"axiom-grid-overlay"}
{"ts":"2026-09-13T12:55:31.773Z","level":"INFO","logger":"overlay.server","msg":"request completed","service":"axiom-grid-overlay","request_id":"904f5020d83143fa9999c531b784f60f","path":"/demo","status":200,"latency_ms":384.28,"client":"testclient"}
{"ts":"2026-09-13T12:55:31.774Z","level":"INFO","logger":"kernel.sidecar.ingestor","msg":"Ingested sample_memo_01.txt: 13 chunks, 1 pages, sha256=2cee63241b4f234c","service":"axiom-grid-overlay"}
{"ts":"2026-09-13T12:55:31.774Z","level":"INFO","logger":"httpx2","msg":"HTTP Request: POST http://testserver/demo \"HTTP/1.1 200 OK\"","service":"axiom-grid-overlay"}
{"ts":"2026-09-13T12:55:31.781Z","level":"WARNING","logger":"kairo.context.compressor","msg":"Compression engine unavailable (No module named 'headroom'), using passthrough fallback","service":"axiom-grid-overlay"}
{"ts":"2026-09-13T12:55:31.782Z","level":"INFO","logger":"kairo.context.compressor","msg":"Compressed 13 chunks -> 13 (206 -> 206 tokens, 0.0% reduction)","service":"axiom-grid-overlay"}
{"ts":"2026-09-13T12:55:31.785Z","level":"INFO","logger":"overlay.server","msg":"request completed","service":"axiom-grid-overlay","request_id":"9b9d2c02f1c443518bec28ee46a73ab1","path":"/demo","status":200,"latency_ms":381.97,"client":"testclient"}
{"ts":"2026-09-13T12:55:31.786Z","level":"INFO","logger":"kernel.sidecar.ingestor","msg":"Ingested sample_memo_01.txt: 13 chunks, 1 pages, sha256=2cee63241b4f234c","service":"axiom-grid-overlay"}
{"ts":"2026-09-13T12:55:31.786Z","level":"INFO","logger":"httpx2","msg":"HTTP Request: POST http://testserver/demo \"HTTP/1.1 200 OK\"","service":"axiom-grid-overlay"}
{"ts":"2026-09-13T12:55:31.793Z","level":"WARNING","logger":"kairo.context.compressor","msg":"Compression engine unavailable (No module named 'headroom'), using passthrough fallback","service":"axiom-grid-overlay"}
{"ts":"2026-09-13T12:55:31.794Z","level":"INFO","logger":"kairo.context.compressor","msg":"Compressed 13 chunks -> 13 (206 -> 206 tokens, 0.0% reduction)","service":"axiom-grid-overlay"}
{"ts":"2026-09-13T12:55:31.797Z","level":"INFO","logger":"overlay.server","msg":"request completed","service":"axiom-grid-overlay","request_id":"7872f48dee7d445ba52d91d0abc502ca","path":"/demo","status":200,"latency_ms":380.75,"client":"testclient"}
{"ts":"2026-09-13T12:55:31.798Z","level":"INFO","logger":"httpx2","msg":"HTTP Request: POST http://testserver/demo \"HTTP/1.1 200 OK\"","service":"axiom-grid-overlay"}
{"ts":"2026-09-13T12:55:31.798Z","level":"INFO","logger":"kernel.sidecar.ingestor","msg":"Ingested sample_memo_01.txt: 13 chunks, 1 pages, sha256=2cee63241b4f234c","service":"axiom-grid-overlay"}
{"ts":"2026-09-13T12:55:31.808Z","level":"WARNING","logger":"kairo.context.compressor","msg":"Compression engine unavailable (No module named 'headroom'), using passthrough fallback","service":"axiom-grid-overlay"}
{"ts":"2026-09-13T12:55:31.808Z","level":"INFO","logger":"kairo.context.compressor","msg":"Compressed 13 chunks -> 13 (206 -> 206 tokens, 0.0% reduction)","service":"axiom-grid-overlay"}
{"ts":"2026-09-13T12:55:31.811Z","level":"INFO","logger":"overlay.server","msg":"request completed","service":"axiom-grid-overlay","request_id":"7cb0c44af33b4a0da0a59b6f665d9fd5","path":"/demo","status":200,"latency_ms":380.41,"client":"testclient"}
{"ts":"2026-09-13T12:55:31.812Z","level":"INFO","logger":"kernel.sidecar.ingestor","msg":"Ingested sample_memo_01.txt: 13 chunks, 1 pages, sha256=2cee63241b4f234c","service":"axiom-grid-overlay"}
{"ts":"2026-09-13T12:55:31.813Z","level":"INFO","logger":"httpx2","msg":"HTTP Request: POST http://testserver/demo \"HTTP/1.1 200 OK\"","service":"axiom-grid-overlay"}
{"ts":"2026-09-13T12:55:31.820Z","level":"WARNING","logger":"kairo.context.compressor","msg":"Compression engine unavailable (No module named 'headroom'), using passthrough fallback","service":"axiom-grid-overlay"}
{"ts":"2026-09-13T12:55:31.820Z","level":"INFO","logger":"kairo.context.compressor","msg":"Compressed 13 chunks -> 13 (206 -> 206 tokens, 0.0% reduction)","service":"axiom-grid-overlay"}
{"ts":"2026-09-13T12:55:31.823Z","level":"INFO","logger":"overlay.server","msg":"request completed","service":"axiom-grid-overlay","request_id":"ca8137d9427c4abb8bb942b05d1a0824","path":"/demo","status":200,"latency_ms":379.89,"client":"testclient"}
{"ts":"2026-09-13T12:55:31.824Z","level":"INFO","logger":"httpx2","msg":"HTTP Request: POST http://testserver/demo \"HTTP/1.1 200 OK\"","service":"axiom-grid-overlay"}
{"ts":"2026-09-13T12:55:31.825Z","level":"INFO","logger":"kernel.sidecar.ingestor","msg":"Ingested sample_memo_01.txt: 13 chunks, 1 pages, sha256=2cee63241b4f234c","service":"axiom-grid-overlay"}
{"ts":"2026-09-13T12:55:31.832Z","level":"WARNING","logger":"kairo.context.compressor","msg":"Compression engine unavailable (No module named 'headroom'), using passthrough fallback","service":"axiom-grid-overlay"}
{"ts":"2026-09-13T12:55:31.833Z","level":"INFO","logger":"kairo.context.compressor","msg":"Compressed 13 chunks -> 13 (206 -> 206 tokens, 0.0% reduction)","service":"axiom-grid-overlay"}
{"ts":"2026-09-13T12:55:31.836Z","level":"INFO","logger":"overlay.server","msg":"request completed","service":"axiom-grid-overlay","request_id":"83f5d042ec96418695c5f520b77bcd8d","path":"/demo","status":200,"latency_ms":378.45,"client":"testclient"}
{"ts":"2026-09-13T12:55:31.837Z","level":"INFO","logger":"kernel.sidecar.ingestor","msg":"Ingested sample_memo_01.txt: 13 chunks, 1 pages, sha256=2cee63241b4f234c","service":"axiom-grid-overlay"}
{"ts":"2026-09-13T12:55:31.837Z","level":"INFO","logger":"httpx2","msg":"HTTP Request: POST http://testserver/demo \"HTTP/1.1 200 OK\"","service":"axiom-grid-overlay"}
{"ts":"2026-09-13T12:55:31.845Z","level":"WARNING","logger":"kairo.context.compressor","msg":"Compression engine unavailable (No module named 'headroom'), using passthrough fallback","service":"axiom-grid-overlay"}
{"ts":"2026-09-13T12:55:31.845Z","level":"INFO","logger":"kairo.context.compressor","msg":"Compressed 13 chunks -> 13 (206 -> 206 tokens, 0.0% reduction)","service":"axiom-grid-overlay"}
{"ts":"2026-09-13T12:55:31.848Z","level":"INFO","logger":"overlay.server","msg":"request completed","service":"axiom-grid-overlay","request_id":"f4af6f2d47294a42a5b14dec6092c3ab","path":"/demo","status":200,"latency_ms":378.49,"client":"testclient"}
{"ts":"2026-09-13T12:55:31.849Z","level":"INFO","logger":"kernel.sidecar.ingestor","msg":"Ingested sample_memo_01.txt: 13 chunks, 1 pages, sha256=2cee63241b4f234c","service":"axiom-grid-overlay"}
{"ts":"2026-09-13T12:55:31.849Z","level":"INFO","logger":"httpx2","msg":"HTTP Request: POST http://testserver/demo \"HTTP/1.1 200 OK\"","service":"axiom-grid-overlay"}
{"ts":"2026-09-13T12:55:31.858Z","level":"WARNING","logger":"kairo.context.compressor","msg":"Compression engine unavailable (No module named 'headroom'), using passthrough fallback","service":"axiom-grid-overlay"}
{"ts":"2026-09-13T12:55:31.858Z","level":"INFO","logger":"kairo.context.compressor","msg":"Compressed 13 chunks -> 13 (206 -> 206 tokens, 0.0% reduction)","service":"axiom-grid-overlay"}
{"ts":"2026-09-13T12:55:31.861Z","level":"INFO","logger":"overlay.server","msg":"request completed","service":"axiom-grid-overlay","request_id":"2bd4126d182e41b7b97338b0d07b9d37","path":"/demo","status":200,"latency_ms":379.16,"client":"testclient"}
{"ts":"2026-09-13T12:55:31.862Z","level":"INFO","logger":"kernel.sidecar.ingestor","msg":"Ingested sample_memo_01.txt: 13 chunks, 1 pages, sha256=2cee63241b4f234c","service":"axiom-grid-overlay"}
{"ts":"2026-09-13T12:55:31.863Z","level":"INFO","logger":"httpx2","msg":"HTTP Request: POST http://testserver/demo \"HTTP/1.1 200 OK\"","service":"axiom-grid-overlay"}
{"ts":"2026-09-13T12:55:31.874Z","level":"WARNING","logger":"kairo.context.compressor","msg":"Compression engine unavailable (No module named 'headroom'), using passthrough fallback","service":"axiom-grid-overlay"}
{"ts":"2026-09-13T12:55:31.874Z","level":"INFO","logger":"kairo.context.compressor","msg":"Compressed 13 chunks -> 13 (206 -> 206 tokens, 0.0% reduction)","service":"axiom-grid-overlay"}
{"ts":"2026-09-13T12:55:31.878Z","level":"INFO","logger":"overlay.server","msg":"request completed","service":"axiom-grid-overlay","request_id":"c2bd7a2a750c409394104ab40af1b6ba","path":"/demo","status":200,"latency_ms":384.37,"client":"testclient"}
{"ts":"2026-09-13T12:55:31.879Z","level":"INFO","logger":"kernel.sidecar.ingestor","msg":"Ingested sample_memo_01.txt: 13 chunks, 1 pages, sha256=2cee63241b4f234c","service":"axiom-grid-overlay"}
{"ts":"2026-09-13T12:55:31.879Z","level":"INFO","logger":"httpx2","msg":"HTTP Request: POST http://testserver/demo \"HTTP/1.1 200 OK\"","service":"axiom-grid-overlay"}
{"ts":"2026-09-13T12:55:31.886Z","level":"WARNING","logger":"kairo.context.compressor","msg":"Compression engine unavailable (No module named 'headroom'), using passthrough fallback","service":"axiom-grid-overlay"}
{"ts":"2026-09-13T12:55:31.887Z","level":"INFO","logger":"kairo.context.compressor","msg":"Compressed 13 chunks -> 13 (206 -> 206 tokens, 0.0% reduction)","service":"axiom-grid-overlay"}
{"ts":"2026-09-13T12:55:31.890Z","level":"INFO","logger":"overlay.server","msg":"request completed","service":"axiom-grid-overlay","request_id":"c5873b9856ed4027b9be3e8b2f7defff","path":"/demo","status":200,"latency_ms":383.55,"client":"testclient"}
{"ts":"2026-09-13T12:55:31.891Z","level":"INFO","logger":"kernel.sidecar.ingestor","msg":"Ingested sample_memo_01.txt: 13 chunks, 1 pages, sha256=2cee63241b4f234c","service":"axiom-grid-overlay"}
{"ts":"2026-09-13T12:55:31.891Z","level":"INFO","logger":"httpx2","msg":"HTTP Request: POST http://testserver/demo \"HTTP/1.1 200 OK\"","service":"axiom-grid-overlay"}
{"ts":"2026-09-13T12:55:31.899Z","level":"WARNING","logger":"kairo.context.compressor","msg":"Compression engine unavailable (No module named 'headroom'), using passthrough fallback","service":"axiom-grid-overlay"}
{"ts":"2026-09-13T12:55:31.900Z","level":"INFO","logger":"kairo.context.compressor","msg":"Compressed 13 chunks -> 13 (206 -> 206 tokens, 0.0% reduction)","service":"axiom-grid-overlay"}
{"ts":"2026-09-13T12:55:31.902Z","level":"INFO","logger":"overlay.server","msg":"request completed","service":"axiom-grid-overlay","request_id":"ca6db858020044a99f7d35e1d20ef70d","path":"/demo","status":200,"latency_ms":384.5,"client":"testclient"}
{"ts":"2026-09-13T12:55:31.903Z","level":"INFO","logger":"kernel.sidecar.ingestor","msg":"Ingested sample_memo_01.txt: 13 chunks, 1 pages, sha256=2cee63241b4f234c","service":"axiom-grid-overlay"}
{"ts":"2026-09-13T12:55:31.904Z","level":"INFO","logger":"httpx2","msg":"HTTP Request: POST http://testserver/demo \"HTTP/1.1 200 OK\"","service":"axiom-grid-overlay"}
{"ts":"2026-09-13T12:55:31.911Z","level":"WARNING","logger":"kairo.context.compressor","msg":"Compression engine unavailable (No module named 'headroom'), using passthrough fallback","service":"axiom-grid-overlay"}
{"ts":"2026-09-13T12:55:31.912Z","level":"INFO","logger":"kairo.context.compressor","msg":"Compressed 13 chunks -> 13 (206 -> 206 tokens, 0.0% reduction)","service":"axiom-grid-overlay"}
{"ts":"2026-09-13T12:55:31.920Z","level":"INFO","logger":"overlay.server","msg":"request completed","service":"axiom-grid-overlay","request_id":"b26254d93dd94c9bac22ab0bc55e95a4","path":"/demo","status":200,"latency_ms":390.97,"client":"testclient"}
{"ts":"2026-09-13T12:55:31.921Z","level":"INFO","logger":"kernel.sidecar.ingestor","msg":"Ingested sample_memo_01.txt: 13 chunks, 1 pages, sha256=2cee63241b4f234c","service":"axiom-grid-overlay"}
{"ts":"2026-09-13T12:55:31.921Z","level":"INFO","logger":"httpx2","msg":"HTTP Request: POST http://testserver/demo \"HTTP/1.1 200 OK\"","service":"axiom-grid-overlay"}
{"ts":"2026-09-13T12:55:31.928Z","level":"WARNING","logger":"kairo.context.compressor","msg":"Compression engine unavailable (No module named 'headroom'), using passthrough fallback","service":"axiom-grid-overlay"}
{"ts":"2026-09-13T12:55:31.929Z","level":"INFO","logger":"kairo.context.compressor","msg":"Compressed 13 chunks -> 13 (206 -> 206 tokens, 0.0% reduction)","service":"axiom-grid-overlay"}
{"ts":"2026-09-13T12:55:31.932Z","level":"INFO","logger":"overlay.server","msg":"request completed","service":"axiom-grid-overlay","request_id":"9e5d4bd8835f4904be9e4a8ce030770d","path":"/demo","status":200,"latency_ms":385.26,"client":"testclient"}
{"ts":"2026-09-13T12:55:31.933Z","level":"INFO","logger":"kernel.sidecar.ingestor","msg":"Ingested sample_memo_01.txt: 13 chunks, 1 pages, sha256=2cee63241b4f234c","service":"axiom-grid-overlay"}
{"ts":"2026-09-13T12:55:31.933Z","level":"INFO","logger":"httpx2","msg":"HTTP Request: POST http://testserver/demo \"HTTP/1.1 200 OK\"","service":"axiom-grid-overlay"}
{"ts":"2026-09-13T12:55:31.948Z","level":"WARNING","logger":"kairo.context.compressor","msg":"Compression engine unavailable (No module named 'headroom'), using passthrough fallback","service":"axiom-grid-overlay"}
{"ts":"2026-09-13T12:55:31.948Z","level":"INFO","logger":"kairo.context.compressor","msg":"Compressed 13 chunks -> 13 (206 -> 206 tokens, 0.0% reduction)","service":"axiom-grid-overlay"}
{"ts":"2026-09-13T12:55:31.952Z","level":"INFO","logger":"overlay.server","msg":"request completed","service":"axiom-grid-overlay","request_id":"d631de8ed35e46b7a5d41b6c1d425308","path":"/demo","status":200,"latency_ms":391.24,"client":"testclient"}
{"ts":"2026-09-13T12:55:31.953Z","level":"INFO","logger":"kernel.sidecar.ingestor","msg":"Ingested sample_memo_01.txt: 13 chunks, 1 pages, sha256=2cee63241b4f234c","service":"axiom-grid-overlay"}
{"ts":"2026-09-13T12:55:31.953Z","level":"INFO","logger":"httpx2","msg":"HTTP Request: POST http://testserver/demo \"HTTP/1.1 200 OK\"","service":"axiom-grid-overlay"}
{"ts":"2026-09-13T12:55:31.961Z","level":"WARNING","logger":"kairo.context.compressor","msg":"Compression engine unavailable (No module named 'headroom'), using passthrough fallback","service":"axiom-grid-overlay"}
{"ts":"2026-09-13T12:55:31.962Z","level":"INFO","logger":"kairo.context.compressor","msg":"Compressed 13 chunks -> 13 (206 -> 206 tokens, 0.0% reduction)","service":"axiom-grid-overlay"}
{"ts":"2026-09-13T12:55:31.964Z","level":"INFO","logger":"overlay.server","msg":"request completed","service":"axiom-grid-overlay","request_id":"f33b61bc34a147ffacac8bb668df8685","path":"/demo","status":200,"latency_ms":391.66,"client":"testclient"}
{"ts":"2026-09-13T12:55:31.965Z","level":"INFO","logger":"kernel.sidecar.ingestor","msg":"Ingested sample_memo_01.txt: 13 chunks, 1 pages, sha256=2cee63241b4f234c","service":"axiom-grid-overlay"}
{"ts":"2026-09-13T12:55:31.966Z","level":"INFO","logger":"httpx2","msg":"HTTP Request: POST http://testserver/demo \"HTTP/1.1 200 OK\"","service":"axiom-grid-overlay"}
{"ts":"2026-09-13T12:55:31.973Z","level":"WARNING","logger":"kairo.context.compressor","msg":"Compression engine unavailable (No module named 'headroom'), using passthrough fallback","service":"axiom-grid-overlay"}
{"ts":"2026-09-13T12:55:31.974Z","level":"INFO","logger":"kairo.context.compressor","msg":"Compressed 13 chunks -> 13 (206 -> 206 tokens, 0.0% reduction)","service":"axiom-grid-overlay"}
{"ts":"2026-09-13T12:55:31.977Z","level":"INFO","logger":"overlay.server","msg":"request completed","service":"axiom-grid-overlay","request_id":"37dd58324479405fb09b3c39c01e7515","path":"/demo","status":200,"latency_ms":391.9,"client":"testclient"}
{"ts":"2026-09-13T12:55:31.978Z","level":"INFO","logger":"kernel.sidecar.ingestor","msg":"Ingested sample_memo_01.txt: 13 chunks, 1 pages, sha256=2cee63241b4f234c","service":"axiom-grid-overlay"}
{"ts":"2026-09-13T12:55:31.978Z","level":"INFO","logger":"httpx2","msg":"HTTP Request: POST http://testserver/demo \"HTTP/1.1 200 OK\"","service":"axiom-grid-overlay"}
{"ts":"2026-09-13T12:55:31.985Z","level":"WARNING","logger":"kairo.context.compressor","msg":"Compression engine unavailable (No module named 'headroom'), using passthrough fallback","service":"axiom-grid-overlay"}
{"ts":"2026-09-13T12:55:31.986Z","level":"INFO","logger":"kairo.context.compressor","msg":"Compressed 13 chunks -> 13 (206 -> 206 tokens, 0.0% reduction)","service":"axiom-grid-overlay"}
{"ts":"2026-09-13T12:55:31.989Z","level":"INFO","logger":"overlay.server","msg":"request completed","service":"axiom-grid-overlay","request_id":"32644ff62512418791bfeed7d6a30199","path":"/demo","status":200,"latency_ms":391.71,"client":"testclient"}
{"ts":"2026-09-13T12:55:31.990Z","level":"INFO","logger":"httpx2","msg":"HTTP Request: POST http://testserver/demo \"HTTP/1.1 200 OK\"","service":"axiom-grid-overlay"}
{"ts":"2026-09-13T12:55:31.991Z","level":"INFO","logger":"kernel.sidecar.ingestor","msg":"Ingested sample_memo_01.txt: 13 chunks, 1 pages, sha256=2cee63241b4f234c","service":"axiom-grid-overlay"}
{"ts":"2026-09-13T12:55:31.998Z","level":"WARNING","logger":"kairo.context.compressor","msg":"Compression engine unavailable (No module named 'headroom'), using passthrough fallback","service":"axiom-grid-overlay"}
{"ts":"2026-09-13T12:55:31.998Z","level":"INFO","logger":"kairo.context.compressor","msg":"Compressed 13 chunks -> 13 (206 -> 206 tokens, 0.0% reduction)","service":"axiom-grid-overlay"}
{"ts":"2026-09-13T12:55:32.001Z","level":"INFO","logger":"overlay.server","msg":"request completed","service":"axiom-grid-overlay","request_id":"ce9459ed8a424e9e94705cd4d6b92a9a","path":"/demo","status":200,"latency_ms":391.38,"client":"testclient"}
{"ts":"2026-09-13T12:55:32.002Z","level":"INFO","logger":"kernel.sidecar.ingestor","msg":"Ingested sample_memo_01.txt: 13 chunks, 1 pages, sha256=2cee63241b4f234c","service":"axiom-grid-overlay"}
{"ts":"2026-09-13T12:55:32.002Z","level":"INFO","logger":"httpx2","msg":"HTTP Request: POST http://testserver/demo \"HTTP/1.1 200 OK\"","service":"axiom-grid-overlay"}
{"ts":"2026-09-13T12:55:32.009Z","level":"WARNING","logger":"kairo.context.compressor","msg":"Compression engine unavailable (No module named 'headroom'), using passthrough fallback","service":"axiom-grid-overlay"}
{"ts":"2026-09-13T12:55:32.010Z","level":"INFO","logger":"kairo.context.compressor","msg":"Compressed 13 chunks -> 13 (206 -> 206 tokens, 0.0% reduction)","service":"axiom-grid-overlay"}
{"ts":"2026-09-13T12:55:32.013Z","level":"INFO","logger":"overlay.server","msg":"request completed","service":"axiom-grid-overlay","request_id":"47343d0e1e6d454b83f7e382dec42c6d","path":"/demo","status":200,"latency_ms":390.97,"client":"testclient"}
{"ts":"2026-09-13T12:55:32.014Z","level":"INFO","logger":"kernel.sidecar.ingestor","msg":"Ingested sample_memo_01.txt: 13 chunks, 1 pages, sha256=2cee63241b4f234c","service":"axiom-grid-overlay"}
{"ts":"2026-09-13T12:55:32.015Z","level":"INFO","logger":"httpx2","msg":"HTTP Request: POST http://testserver/demo \"HTTP/1.1 200 OK\"","service":"axiom-grid-overlay"}
{"ts":"2026-09-13T12:55:32.023Z","level":"WARNING","logger":"kairo.context.compressor","msg":"Compression engine unavailable (No module named 'headroom'), using passthrough fallback","service":"axiom-grid-overlay"}
{"ts":"2026-09-13T12:55:32.023Z","level":"INFO","logger":"kairo.context.compressor","msg":"Compressed 13 chunks -> 13 (206 -> 206 tokens, 0.0% reduction)","service":"axiom-grid-overlay"}
{"ts":"2026-09-13T12:55:32.026Z","level":"INFO","logger":"overlay.server","msg":"request completed","service":"axiom-grid-overlay","request_id":"b44bf4828952402494e5445bc264aa3a","path":"/demo","status":200,"latency_ms":391.48,"client":"testclient"}
{"ts":"2026-09-13T12:55:32.027Z","level":"INFO","logger":"kernel.sidecar.ingestor","msg":"Ingested sample_memo_01.txt: 13 chunks, 1 pages, sha256=2cee63241b4f234c","service":"axiom-grid-overlay"}
{"ts":"2026-09-13T12:55:32.028Z","level":"INFO","logger":"httpx2","msg":"HTTP Request: POST http://testserver/demo \"HTTP/1.1 200 OK\"","service":"axiom-grid-overlay"}
{"ts":"2026-09-13T12:55:32.036Z","level":"WARNING","logger":"kairo.context.compressor","msg":"Compression engine unavailable (No module named 'headroom'), using passthrough fallback","service":"axiom-grid-overlay"}
{"ts":"2026-09-13T12:55:32.037Z","level":"INFO","logger":"kairo.context.compressor","msg":"Compressed 13 chunks -> 13 (206 -> 206 tokens, 0.0% reduction)","service":"axiom-grid-overlay"}
{"ts":"2026-09-13T12:55:32.040Z","level":"INFO","logger":"overlay.server","msg":"request completed","service":"axiom-grid-overlay","request_id":"7eae393f37f04f8a8064cc4d7ff2d4e0","path":"/demo","status":200,"latency_ms":392.75,"client":"testclient"}
{"ts":"2026-09-13T12:55:32.041Z","level":"INFO","logger":"kernel.sidecar.ingestor","msg":"Ingested sample_memo_01.txt: 13 chunks, 1 pages, sha256=2cee63241b4f234c","service":"axiom-grid-overlay"}
{"ts":"2026-09-13T12:55:32.041Z","level":"INFO","logger":"httpx2","msg":"HTTP Request: POST http://testserver/demo \"HTTP/1.1 200 OK\"","service":"axiom-grid-overlay"}
{"ts":"2026-09-13T12:55:32.049Z","level":"WARNING","logger":"kairo.context.compressor","msg":"Compression engine unavailable (No module named 'headroom'), using passthrough fallback","service":"axiom-grid-overlay"}
{"ts":"2026-09-13T12:55:32.050Z","level":"INFO","logger":"kairo.context.compressor","msg":"Compressed 13 chunks -> 13 (206 -> 206 tokens, 0.0% reduction)","service":"axiom-grid-overlay"}
{"ts":"2026-09-13T12:55:32.052Z","level":"INFO","logger":"kernel.sidecar.ingestor","msg":"Ingested sample_memo_01.txt: 13 chunks, 1 pages, sha256=2cee63241b4f234c","service":"axiom-grid-overlay"}
{"ts":"2026-09-13T12:55:32.053Z","level":"INFO","logger":"overlay.server","msg":"request completed","service":"axiom-grid-overlay","request_id":"f8eec3bef5254cc09612c1c49818c4f3","path":"/demo","status":200,"latency_ms":392.92,"client":"testclient"}
{"ts":"2026-09-13T12:55:32.055Z","level":"INFO","logger":"httpx2","msg":"HTTP Request: POST http://testserver/demo \"HTTP/1.1 200 OK\"","service":"axiom-grid-overlay"}
{"ts":"2026-09-13T12:55:32.062Z","level":"WARNING","logger":"kairo.context.compressor","msg":"Compression engine unavailable (No module named 'headroom'), using passthrough fallback","service":"axiom-grid-overlay"}
{"ts":"2026-09-13T12:55:32.063Z","level":"INFO","logger":"kairo.context.compressor","msg":"Compressed 13 chunks -> 13 (206 -> 206 tokens, 0.0% reduction)","service":"axiom-grid-overlay"}
{"ts":"2026-09-13T12:55:32.065Z","level":"INFO","logger":"overlay.server","msg":"request completed","service":"axiom-grid-overlay","request_id":"430467aa9dfd4e67a9d5f798e6a26804","path":"/demo","status":200,"latency_ms":393.77,"client":"testclient"}
{"ts":"2026-09-13T12:55:32.067Z","level":"INFO","logger":"kernel.sidecar.ingestor","msg":"Ingested sample_memo_01.txt: 13 chunks, 1 pages, sha256=2cee63241b4f234c","service":"axiom-grid-overlay"}
{"ts":"2026-09-13T12:55:32.067Z","level":"INFO","logger":"httpx2","msg":"HTTP Request: POST http://testserver/demo \"HTTP/1.1 200 OK\"","service":"axiom-grid-overlay"}
{"ts":"2026-09-13T12:55:32.074Z","level":"WARNING","logger":"kairo.context.compressor","msg":"Compression engine unavailable (No module named 'headroom'), using passthrough fallback","service":"axiom-grid-overlay"}
{"ts":"2026-09-13T12:55:32.075Z","level":"INFO","logger":"kairo.context.compressor","msg":"Compressed 13 chunks -> 13 (206 -> 206 tokens, 0.0% reduction)","service":"axiom-grid-overlay"}
{"ts":"2026-09-13T12:55:32.078Z","level":"INFO","logger":"overlay.server","msg":"request completed","service":"axiom-grid-overlay","request_id":"27286543c00f41f58bb4b5c4b268afe4","path":"/demo","status":200,"latency_ms":394.07,"client":"testclient"}
{"ts":"2026-09-13T12:55:32.079Z","level":"INFO","logger":"kernel.sidecar.ingestor","msg":"Ingested sample_memo_01.txt: 13 chunks, 1 pages, sha256=2cee63241b4f234c","service":"axiom-grid-overlay"}
{"ts":"2026-09-13T12:55:32.079Z","level":"INFO","logger":"httpx2","msg":"HTTP Request: POST http://testserver/demo \"HTTP/1.1 200 OK\"","service":"axiom-grid-overlay"}
{"ts":"2026-09-13T12:55:32.082Z","level":"INFO","logger":"overlay.server","msg":"request completed","service":"axiom-grid-overlay","request_id":"861609c924564238a922df47e89c37d6","path":"/demo","status":404,"latency_ms":2.16,"client":"testclient"}
{"ts":"2026-09-13T12:55:32.083Z","level":"INFO","logger":"httpx2","msg":"HTTP Request: POST http://testserver/demo \"HTTP/1.1 404 Not Found\"","service":"axiom-grid-overlay"}
{"ts":"2026-09-13T12:55:32.086Z","level":"INFO","logger":"overlay.server","msg":"request completed","service":"axiom-grid-overlay","request_id":"7d0108a7f90a4d8a873831b842b39484","path":"/demo","status":404,"latency_ms":1.59,"client":"testclient"}
{"ts":"2026-09-13T12:55:32.087Z","level":"INFO","logger":"httpx2","msg":"HTTP Request: POST http://testserver/demo \"HTTP/1.1 404 Not Found\"","service":"axiom-grid-overlay"}
{"ts":"2026-09-13T12:55:32.091Z","level":"WARNING","logger":"kairo.context.compressor","msg":"Compression engine unavailable (No module named 'headroom'), using passthrough fallback","service":"axiom-grid-overlay"}
{"ts":"2026-09-13T12:55:32.091Z","level":"INFO","logger":"overlay.server","msg":"request completed","service":"axiom-grid-overlay","request_id":"da159c5612d8483c924ae0914afd8c3a","path":"/demo","status":404,"latency_ms":3.21,"client":"testclient"}
{"ts":"2026-09-13T12:55:32.093Z","level":"INFO","logger":"kairo.context.compressor","msg":"Compressed 13 chunks -> 13 (206 -> 206 tokens, 0.0% reduction)","service":"axiom-grid-overlay"}
{"ts":"2026-09-13T12:55:32.093Z","level":"INFO","logger":"httpx2","msg":"HTTP Request: POST http://testserver/demo \"HTTP/1.1 404 Not Found\"","service":"axiom-grid-overlay"}
{"ts":"2026-09-13T12:55:32.096Z","level":"INFO","logger":"overlay.server","msg":"request completed","service":"axiom-grid-overlay","request_id":"120f4200192845bb96b97deab0f3be0b","path":"/demo","status":404,"latency_ms":1.52,"client":"testclient"}
{"ts":"2026-09-13T12:55:32.098Z","level":"INFO","logger":"overlay.server","msg":"request completed","service":"axiom-grid-overlay","request_id":"cd2aac3ba074427c8083cb99f9fda086","path":"/demo","status":200,"latency_ms":403.05,"client":"testclient"}
{"ts":"2026-09-13T12:55:32.098Z","level":"INFO","logger":"httpx2","msg":"HTTP Request: POST http://testserver/demo \"HTTP/1.1 404 Not Found\"","service":"axiom-grid-overlay"}
{"ts":"2026-09-13T12:55:32.099Z","level":"INFO","logger":"kernel.sidecar.ingestor","msg":"Ingested sample_memo_01.txt: 13 chunks, 1 pages, sha256=2cee63241b4f234c","service":"axiom-grid-overlay"}
{"ts":"2026-09-13T12:55:32.100Z","level":"INFO","logger":"httpx2","msg":"HTTP Request: POST http://testserver/demo \"HTTP/1.1 200 OK\"","service":"axiom-grid-overlay"}
{"ts":"2026-09-13T12:55:32.105Z","level":"INFO","logger":"overlay.server","msg":"request completed","service":"axiom-grid-overlay","request_id":"ce308353a744406880595464954db898","path":"/demo","status":404,"latency_ms":2.71,"client":"testclient"}
{"ts":"2026-09-13T12:55:32.106Z","level":"INFO","logger":"overlay.server","msg":"request completed","service":"axiom-grid-overlay","request_id":"f0edbc35e1e94420b3a5985d305c0195","path":"/demo","status":404,"latency_ms":5.5,"client":"testclient"}
{"ts":"2026-09-13T12:55:32.107Z","level":"INFO","logger":"httpx2","msg":"HTTP Request: POST http://testserver/demo \"HTTP/1.1 404 Not Found\"","service":"axiom-grid-overlay"}
{"ts":"2026-09-13T12:55:32.108Z","level":"INFO","logger":"httpx2","msg":"HTTP Request: POST http://testserver/demo \"HTTP/1.1 404 Not Found\"","service":"axiom-grid-overlay"}
{"ts":"2026-09-13T12:55:32.112Z","level":"INFO","logger":"overlay.server","msg":"request completed","service":"axiom-grid-overlay","request_id":"cd7239d90ba940dd8c36825f08b6758c","path":"/demo","status":404,"latency_ms":3.03,"client":"testclient"}
{"ts":"2026-09-13T12:55:32.113Z","level":"INFO","logger":"overlay.server","msg":"request completed","service":"axiom-grid-overlay","request_id":"2aec1d88204a4b9386a8bbc7f94773e9","path":"/demo","status":404,"latency_ms":2.54,"client":"testclient"}
{"ts":"2026-09-13T12:55:32.114Z","level":"INFO","logger":"httpx2","msg":"HTTP Request: POST http://testserver/demo \"HTTP/1.1 404 Not Found\"","service":"axiom-grid-overlay"}
{"ts":"2026-09-13T12:55:32.114Z","level":"INFO","logger":"httpx2","msg":"HTTP Request: POST http://testserver/demo \"HTTP/1.1 404 Not Found\"","service":"axiom-grid-overlay"}
{"ts":"2026-09-13T12:55:32.119Z","level":"INFO","logger":"overlay.server","msg":"request completed","service":"axiom-grid-overlay","request_id":"07e128866c034dd0a56eb9d2323edd5a","path":"/demo","status":404,"latency_ms":3.22,"client":"testclient"}
{"ts":"2026-09-13T12:55:32.120Z","level":"INFO","logger":"httpx2","msg":"HTTP Request: POST http://testserver/demo \"HTTP/1.1 404 Not Found\"","service":"axiom-grid-overlay"}
{"ts":"2026-09-13T12:55:32.121Z","level":"INFO","logger":"overlay.server","msg":"request completed","service":"axiom-grid-overlay","request_id":"651b2c7b34fe49cc84748a14087d7b87","path":"/demo","status":404,"latency_ms":4.06,"client":"testclient"}
{"ts":"2026-09-13T12:55:32.123Z","level":"INFO","logger":"httpx2","msg":"HTTP Request: POST http://testserver/demo \"HTTP/1.1 404 Not Found\"","service":"axiom-grid-overlay"}
{"ts":"2026-09-13T12:55:32.125Z","level":"WARNING","logger":"kairo.context.compressor","msg":"Compression engine unavailable (No module named 'headroom'), using passthrough fallback","service":"axiom-grid-overlay"}
{"ts":"2026-09-13T12:55:32.126Z","level":"INFO","logger":"kairo.context.compressor","msg":"Compressed 13 chunks -> 13 (206 -> 206 tokens, 0.0% reduction)","service":"axiom-grid-overlay"}
{"ts":"2026-09-13T12:55:32.127Z","level":"INFO","logger":"overlay.server","msg":"request completed","service":"axiom-grid-overlay","request_id":"febf06ce3e4b41bda53c440f5f69dc9e","path":"/demo","status":404,"latency_ms":5.35,"client":"testclient"}
{"ts":"2026-09-13T12:55:32.129Z","level":"INFO","logger":"httpx2","msg":"HTTP Request: POST http://testserver/demo \"HTTP/1.1 404 Not Found\"","service":"axiom-grid-overlay"}
{"ts":"2026-09-13T12:55:32.130Z","level":"INFO","logger":"overlay.server","msg":"request completed","service":"axiom-grid-overlay","request_id":"439034513c214eca80aa88e55e6e4b32","path":"/demo","status":404,"latency_ms":2.52,"client":"testclient"}
{"ts":"2026-09-13T12:55:32.132Z","level":"INFO","logger":"httpx2","msg":"HTTP Request: POST http://testserver/demo \"HTTP/1.1 404 Not Found\"","service":"axiom-grid-overlay"}
{"ts":"2026-09-13T12:55:32.133Z","level":"INFO","logger":"overlay.server","msg":"request completed","service":"axiom-grid-overlay","request_id":"236bdefeddbd47639d7794fbb642c2f0","path":"/demo","status":404,"latency_ms":2.45,"client":"testclient"}
{"ts":"2026-09-13T12:55:32.135Z","level":"INFO","logger":"httpx2","msg":"HTTP Request: POST http://testserver/demo \"HTTP/1.1 404 Not Found\"","service":"axiom-grid-overlay"}
{"ts":"2026-09-13T12:55:32.137Z","level":"INFO","logger":"kernel.sidecar.ingestor","msg":"Ingested sample_memo_01.txt: 13 chunks, 1 pages, sha256=2cee63241b4f234c","service":"axiom-grid-overlay"}
{"ts":"2026-09-13T12:55:32.138Z","level":"INFO","logger":"overlay.server","msg":"request completed","service":"axiom-grid-overlay","request_id":"1379ec8b6a78451da47528e6286ada85","path":"/demo","status":200,"latency_ms":431.99,"client":"testclient"}
{"ts":"2026-09-13T12:55:32.139Z","level":"INFO","logger":"overlay.server","msg":"request completed","service":"axiom-grid-overlay","request_id":"8314efd05c254221ac17c31fb2b20650","path":"/demo","status":404,"latency_ms":3.85,"client":"testclient"}
{"ts":"2026-09-13T12:55:32.141Z","level":"INFO","logger":"httpx2","msg":"HTTP Request: POST http://testserver/demo \"HTTP/1.1 200 OK\"","service":"axiom-grid-overlay"}
{"ts":"2026-09-13T12:55:32.142Z","level":"INFO","logger":"httpx2","msg":"HTTP Request: POST http://testserver/demo \"HTTP/1.1 404 Not Found\"","service":"axiom-grid-overlay"}
{"ts":"2026-09-13T12:55:32.145Z","level":"INFO","logger":"overlay.server","msg":"request completed","service":"axiom-grid-overlay","request_id":"3271eda2cd484ba9bb4192ef20114ec0","path":"/demo","status":404,"latency_ms":5.52,"client":"testclient"}
{"ts":"2026-09-13T12:55:32.147Z","level":"INFO","logger":"httpx2","msg":"HTTP Request: POST http://testserver/demo \"HTTP/1.1 404 Not Found\"","service":"axiom-grid-overlay"}
{"ts":"2026-09-13T12:55:32.148Z","level":"INFO","logger":"overlay.server","msg":"request completed","service":"axiom-grid-overlay","request_id":"2d028036c81d4d66b81aef11079662e1","path":"/demo","status":404,"latency_ms":4.69,"client":"testclient"}
{"ts":"2026-09-13T12:55:32.148Z","level":"INFO","logger":"overlay.server","msg":"request completed","service":"axiom-grid-overlay","request_id":"db5ced2ba5b44bad9ff91ee2fec65d0f","path":"/demo","status":404,"latency_ms":4.66,"client":"testclient"}
{"ts":"2026-09-13T12:55:32.151Z","level":"INFO","logger":"httpx2","msg":"HTTP Request: POST http://testserver/demo \"HTTP/1.1 404 Not Found\"","service":"axiom-grid-overlay"}
{"ts":"2026-09-13T12:55:32.151Z","level":"INFO","logger":"httpx2","msg":"HTTP Request: POST http://testserver/demo \"HTTP/1.1 404 Not Found\"","service":"axiom-grid-overlay"}
{"ts":"2026-09-13T12:55:32.153Z","level":"INFO","logger":"overlay.server","msg":"request completed","service":"axiom-grid-overlay","request_id":"ea1db0bb0c0c4ccabd0316b3d8730e96","path":"/demo","status":404,"latency_ms":2.84,"client":"testclient"}
{"ts":"2026-09-13T12:55:32.156Z","level":"INFO","logger":"overlay.server","msg":"request completed","service":"axiom-grid-overlay","request_id":"052ee47c00334d21830e34e669669ea4","path":"/demo","status":404,"latency_ms":2.01,"client":"testclient"}
{"ts":"2026-09-13T12:55:32.157Z","level":"INFO","logger":"httpx2","msg":"HTTP Request: POST http://testserver/demo \"HTTP/1.1 404 Not Found\"","service":"axiom-grid-overlay"}
{"ts":"2026-09-13T12:55:32.158Z","level":"INFO","logger":"httpx2","msg":"HTTP Request: POST http://testserver/demo \"HTTP/1.1 404 Not Found\"","service":"axiom-grid-overlay"}
{"ts":"2026-09-13T12:55:32.159Z","level":"INFO","logger":"overlay.server","msg":"request completed","service":"axiom-grid-overlay","request_id":"fa9789ea7dcd47d58482de0978244094","path":"/demo","status":404,"latency_ms":5.41,"client":"testclient"}
{"ts":"2026-09-13T12:55:32.162Z","level":"INFO","logger":"overlay.server","msg":"request completed","service":"axiom-grid-overlay","request_id":"d267ccd0906f4d46a2501fbe1a9d29b0","path":"/demo","status":404,"latency_ms":2.44,"client":"testclient"}
{"ts":"2026-09-13T12:55:32.163Z","level":"INFO","logger":"httpx2","msg":"HTTP Request: POST http://testserver/demo \"HTTP/1.1 404 Not Found\"","service":"axiom-grid-overlay"}
{"ts":"2026-09-13T12:55:32.164Z","level":"INFO","logger":"httpx2","msg":"HTTP Request: POST http://testserver/demo \"HTTP/1.1 404 Not Found\"","service":"axiom-grid-overlay"}
{"ts":"2026-09-13T12:55:32.165Z","level":"INFO","logger":"overlay.server","msg":"request completed","service":"axiom-grid-overlay","request_id":"429866c77f6d4241ae780cc4628b3f60","path":"/demo","status":404,"latency_ms":3.84,"client":"testclient"}
{"ts":"2026-09-13T12:55:32.168Z","level":"WARNING","logger":"kairo.context.compressor","msg":"Compression engine unavailable (No module named 'headroom'), using passthrough fallback","service":"axiom-grid-overlay"}
{"ts":"2026-09-13T12:55:32.169Z","level":"INFO","logger":"kairo.context.compressor","msg":"Compressed 13 chunks -> 13 (206 -> 206 tokens, 0.0% reduction)","service":"axiom-grid-overlay"}
{"ts":"2026-09-13T12:55:32.171Z","level":"INFO","logger":"httpx2","msg":"HTTP Request: POST http://testserver/demo \"HTTP/1.1 404 Not Found\"","service":"axiom-grid-overlay"}
{"ts":"2026-09-13T12:55:32.173Z","level":"INFO","logger":"overlay.server","msg":"request completed","service":"axiom-grid-overlay","request_id":"860df0d707c74102b1a61317b65f2309","path":"/demo","status":404,"latency_ms":6.31,"client":"testclient"}
{"ts":"2026-09-13T12:55:32.174Z","level":"INFO","logger":"overlay.server","msg":"request completed","service":"axiom-grid-overlay","request_id":"3a042018c90644be9c6de4e8bfcab442","path":"/demo","status":404,"latency_ms":3.69,"client":"testclient"}
{"ts":"2026-09-13T12:55:32.176Z","level":"INFO","logger":"httpx2","msg":"HTTP Request: POST http://testserver/demo \"HTTP/1.1 404 Not Found\"","service":"axiom-grid-overlay"}
{"ts":"2026-09-13T12:55:32.177Z","level":"INFO","logger":"httpx2","msg":"HTTP Request: POST http://testserver/demo \"HTTP/1.1 404 Not Found\"","service":"axiom-grid-overlay"}
{"ts":"2026-09-13T12:55:32.178Z","level":"INFO","logger":"overlay.server","msg":"request completed","service":"axiom-grid-overlay","request_id":"291a05062b5e4bf4ad54120bd17e2767","path":"/demo","status":404,"latency_ms":3.2,"client":"testclient"}
{"ts":"2026-09-13T12:55:32.182Z","level":"INFO","logger":"overlay.server","msg":"request completed","service":"axiom-grid-overlay","request_id":"73badc8f7cdb4e8884504a2e4c2a333e","path":"/demo","status":404,"latency_ms":2.18,"client":"testclient"}
{"ts":"2026-09-13T12:55:32.183Z","level":"INFO","logger":"httpx2","msg":"HTTP Request: POST http://testserver/demo \"HTTP/1.1 404 Not Found\"","service":"axiom-grid-overlay"}
{"ts":"2026-09-13T12:55:32.184Z","level":"INFO","logger":"overlay.server","msg":"request completed","service":"axiom-grid-overlay","request_id":"e4f73f1b52364ee19c93e6518e864126","path":"/demo","status":404,"latency_ms":4.69,"client":"testclient"}
{"ts":"2026-09-13T12:55:32.185Z","level":"INFO","logger":"httpx2","msg":"HTTP Request: POST http://testserver/demo \"HTTP/1.1 404 Not Found\"","service":"axiom-grid-overlay"}
{"ts":"2026-09-13T12:55:32.187Z","level":"INFO","logger":"overlay.server","msg":"request completed","service":"axiom-grid-overlay","request_id":"87c0d71f381044998ee2d035ea1d6a36","path":"/demo","status":200,"latency_ms":468.88,"client":"testclient"}
{"ts":"2026-09-13T12:55:32.187Z","level":"INFO","logger":"httpx2","msg":"HTTP Request: POST http://testserver/demo \"HTTP/1.1 404 Not Found\"","service":"axiom-grid-overlay"}
{"ts":"2026-09-13T12:55:32.188Z","level":"INFO","logger":"kernel.sidecar.ingestor","msg":"Ingested sample_memo_01.txt: 13 chunks, 1 pages, sha256=2cee63241b4f234c","service":"axiom-grid-overlay"}
{"ts":"2026-09-13T12:55:32.193Z","level":"INFO","logger":"httpx2","msg":"HTTP Request: POST http://testserver/demo \"HTTP/1.1 200 OK\"","service":"axiom-grid-overlay"}
{"ts":"2026-09-13T12:55:32.194Z","level":"INFO","logger":"overlay.server","msg":"request completed","service":"axiom-grid-overlay","request_id":"e4096cd488104882b7fdddbbe63f3c06","path":"/demo","status":404,"latency_ms":8.29,"client":"testclient"}
{"ts":"2026-09-13T12:55:32.195Z","level":"INFO","logger":"overlay.server","msg":"request completed","service":"axiom-grid-overlay","request_id":"cf9fa1979bcb4725b533aff68bd80956","path":"/demo","status":404,"latency_ms":3.93,"client":"testclient"}
{"ts":"2026-09-13T12:55:32.196Z","level":"INFO","logger":"overlay.server","msg":"request completed","service":"axiom-grid-overlay","request_id":"509f62b102d04a0bb8c23fadeca1ca58","path":"/demo","status":404,"latency_ms":7.69,"client":"testclient"}
{"ts":"2026-09-13T12:55:32.197Z","level":"INFO","logger":"httpx2","msg":"HTTP Request: POST http://testserver/demo \"HTTP/1.1 404 Not Found\"","service":"axiom-grid-overlay"}
{"ts":"2026-09-13T12:55:32.198Z","level":"INFO","logger":"httpx2","msg":"HTTP Request: POST http://testserver/demo \"HTTP/1.1 404 Not Found\"","service":"axiom-grid-overlay"}
{"ts":"2026-09-13T12:55:32.199Z","level":"INFO","logger":"httpx2","msg":"HTTP Request: POST http://testserver/demo \"HTTP/1.1 404 Not Found\"","service":"axiom-grid-overlay"}
{"ts":"2026-09-13T12:55:32.204Z","level":"INFO","logger":"overlay.server","msg":"request completed","service":"axiom-grid-overlay","request_id":"881623724398483098e742527aa9e772","path":"/demo","status":404,"latency_ms":1.76,"client":"testclient"}
{"ts":"2026-09-13T12:55:32.206Z","level":"INFO","logger":"httpx2","msg":"HTTP Request: POST http://testserver/demo \"HTTP/1.1 404 Not Found\"","service":"axiom-grid-overlay"}
{"ts":"2026-09-13T12:55:32.207Z","level":"INFO","logger":"overlay.server","msg":"request completed","service":"axiom-grid-overlay","request_id":"3ebd6433c77d4ae8a473da78cdbef645","path":"/demo","status":404,"latency_ms":8.95,"client":"testclient"}
{"ts":"2026-09-13T12:55:32.208Z","level":"INFO","logger":"overlay.server","msg":"request completed","service":"axiom-grid-overlay","request_id":"5cef727a5ee54d58961c0aa95d68f0d5","path":"/demo","status":404,"latency_ms":2.93,"client":"testclient"}
{"ts":"2026-09-13T12:55:32.211Z","level":"INFO","logger":"overlay.server","msg":"request completed","service":"axiom-grid-overlay","request_id":"3fe7436c63a84846b6121badb0b192c8","path":"/demo","status":404,"latency_ms":10.01,"client":"testclient"}
{"ts":"2026-09-13T12:55:32.211Z","level":"INFO","logger":"httpx2","msg":"HTTP Request: POST http://testserver/demo \"HTTP/1.1 404 Not Found\"","service":"axiom-grid-overlay"}
{"ts":"2026-09-13T12:55:32.211Z","level":"INFO","logger":"httpx2","msg":"HTTP Request: POST http://testserver/demo \"HTTP/1.1 404 Not Found\"","service":"axiom-grid-overlay"}
{"ts":"2026-09-13T12:55:32.213Z","level":"INFO","logger":"httpx2","msg":"HTTP Request: POST http://testserver/demo \"HTTP/1.1 404 Not Found\"","service":"axiom-grid-overlay"}
{"ts":"2026-09-13T12:55:32.213Z","level":"INFO","logger":"overlay.server","msg":"request completed","service":"axiom-grid-overlay","request_id":"8213e686494f476692f0732f9b233df2","path":"/demo","status":404,"latency_ms":3.95,"client":"testclient"}
{"ts":"2026-09-13T12:55:32.220Z","level":"INFO","logger":"httpx2","msg":"HTTP Request: POST http://testserver/demo \"HTTP/1.1 404 Not Found\"","service":"axiom-grid-overlay"}
{"ts":"2026-09-13T12:55:32.222Z","level":"INFO","logger":"overlay.server","msg":"request completed","service":"axiom-grid-overlay","request_id":"a74f4a6650e84f368a79e582f13719d5","path":"/demo","status":404,"latency_ms":7.41,"client":"testclient"}
{"ts":"2026-09-13T12:55:32.224Z","level":"WARNING","logger":"kairo.context.compressor","msg":"Compression engine unavailable (No module named 'headroom'), using passthrough fallback","service":"axiom-grid-overlay"}
{"ts":"2026-09-13T12:55:32.225Z","level":"INFO","logger":"kairo.context.compressor","msg":"Compressed 13 chunks -> 13 (206 -> 206 tokens, 0.0% reduction)","service":"axiom-grid-overlay"}
{"ts":"2026-09-13T12:55:32.227Z","level":"INFO","logger":"httpx2","msg":"HTTP Request: POST http://testserver/demo \"HTTP/1.1 404 Not Found\"","service":"axiom-grid-overlay"}
{"ts":"2026-09-13T12:55:32.229Z","level":"INFO","logger":"overlay.server","msg":"request completed","service":"axiom-grid-overlay","request_id":"2d3b899cb0d44730be461587f325ff16","path":"/demo","status":404,"latency_ms":9.25,"client":"testclient"}
{"ts":"2026-09-13T12:55:32.230Z","level":"INFO","logger":"overlay.server","msg":"request completed","service":"axiom-grid-overlay","request_id":"da6807cb0832462c827d6f0eefa0d1f0","path":"/demo","status":404,"latency_ms":14.77,"client":"testclient"}
{"ts":"2026-09-13T12:55:32.231Z","level":"INFO","logger":"overlay.server","msg":"request completed","service":"axiom-grid-overlay","request_id":"606d9d252c434cc0b19ffb364193593d","path":"/demo","status":404,"latency_ms":4.28,"client":"testclient"}
{"ts":"2026-09-13T12:55:32.232Z","level":"INFO","logger":"httpx2","msg":"HTTP Request: POST http://testserver/demo \"HTTP/1.1 404 Not Found\"","service":"axiom-grid-overlay"}
{"ts":"2026-09-13T12:55:32.233Z","level":"INFO","logger":"httpx2","msg":"HTTP Request: POST http://testserver/demo \"HTTP/1.1 404 Not Found\"","service":"axiom-grid-overlay"}
{"ts":"2026-09-13T12:55:32.234Z","level":"INFO","logger":"httpx2","msg":"HTTP Request: POST http://testserver/demo \"HTTP/1.1 404 Not Found\"","service":"axiom-grid-overlay"}
{"ts":"2026-09-13T12:55:32.236Z","level":"INFO","logger":"overlay.server","msg":"request completed","service":"axiom-grid-overlay","request_id":"cc319935b7934c5e9755dbac40132f03","path":"/demo","status":404,"latency_ms":3.21,"client":"testclient"}
{"ts":"2026-09-13T12:55:32.238Z","level":"INFO","logger":"httpx2","msg":"HTTP Request: POST http://testserver/demo \"HTTP/1.1 404 Not Found\"","service":"axiom-grid-overlay"}
{"ts":"2026-09-13T12:55:32.276Z","level":"INFO","logger":"kernel.sidecar.ingestor","msg":"Ingested sample_memo_01.txt: 13 chunks, 1 pages, sha256=2cee63241b4f234c","service":"axiom-grid-overlay"}
{"ts":"2026-09-13T12:55:32.277Z","level":"INFO","logger":"overlay.server","msg":"request completed","service":"axiom-grid-overlay","request_id":"cf8ae6f584854f1ca7cb9fb29277e345","path":"/demo","status":200,"latency_ms":540.2,"client":"testclient"}
{"ts":"2026-09-13T12:55:32.278Z","level":"INFO","logger":"overlay.server","msg":"request completed","service":"axiom-grid-overlay","request_id":"6293cac603ae49b0a1f0492bb488c6c2","path":"/demo","status":404,"latency_ms":42.14,"client":"testclient"}
{"ts":"2026-09-13T12:55:32.283Z","level":"INFO","logger":"httpx2","msg":"HTTP Request: POST http://testserver/demo \"HTTP/1.1 200 OK\"","service":"axiom-grid-overlay"}
{"ts":"2026-09-13T12:55:32.283Z","level":"INFO","logger":"httpx2","msg":"HTTP Request: POST http://testserver/demo \"HTTP/1.1 404 Not Found\"","service":"axiom-grid-overlay"}
{"ts":"2026-09-13T12:55:32.284Z","level":"INFO","logger":"overlay.server","msg":"request completed","service":"axiom-grid-overlay","request_id":"a64c69302bf3470d8a468051f116115e","path":"/demo","status":404,"latency_ms":45.37,"client":"testclient"}
{"ts":"2026-09-13T12:55:32.286Z","level":"INFO","logger":"overlay.server","msg":"request completed","service":"axiom-grid-overlay","request_id":"f4314e5bf1454cf2b503a464c80fdbd5","path":"/demo","status":404,"latency_ms":8.05,"client":"testclient"}
{"ts":"2026-09-13T12:55:32.287Z","level":"INFO","logger":"httpx2","msg":"HTTP Request: POST http://testserver/demo \"HTTP/1.1 404 Not Found\"","service":"axiom-grid-overlay"}
{"ts":"2026-09-13T12:55:32.287Z","level":"INFO","logger":"overlay.server","msg":"request completed","service":"axiom-grid-overlay","request_id":"9069083e49374954a5d8b1995c59ae7b","path":"/demo","status":404,"latency_ms":8.33,"client":"testclient"}
{"ts":"2026-09-13T12:55:32.290Z","level":"INFO","logger":"httpx2","msg":"HTTP Request: POST http://testserver/demo \"HTTP/1.1 404 Not Found\"","service":"axiom-grid-overlay"}
{"ts":"2026-09-13T12:55:32.292Z","level":"INFO","logger":"httpx2","msg":"HTTP Request: POST http://testserver/demo \"HTTP/1.1 404 Not Found\"","service":"axiom-grid-overlay"}
{"ts":"2026-09-13T12:55:32.296Z","level":"INFO","logger":"overlay.server","msg":"request completed","service":"axiom-grid-overlay","request_id":"c2a5962d8ad744108f97de82726ddf09","path":"/demo","status":404,"latency_ms":2.76,"client":"testclient"}
{"ts":"2026-09-13T12:55:32.297Z","level":"INFO","logger":"overlay.server","msg":"request completed","service":"axiom-grid-overlay","request_id":"94b97ce80fce4c55ba8dfcc12aa3ff07","path":"/demo","status":404,"latency_ms":11.88,"client":"testclient"}
{"ts":"2026-09-13T12:55:32.298Z","level":"INFO","logger":"overlay.server","msg":"request completed","service":"axiom-grid-overlay","request_id":"5879fd2b0990491ab0aba1dac6d04363","path":"/demo","status":404,"latency_ms":6.59,"client":"testclient"}
{"ts":"2026-09-13T12:55:32.300Z","level":"INFO","logger":"overlay.server","msg":"request completed","service":"axiom-grid-overlay","request_id":"c8465bb66f6f4b17bb66edf2265741db","path":"/demo","status":404,"latency_ms":10.82,"client":"testclient"}
{"ts":"2026-09-13T12:55:32.300Z","level":"INFO","logger":"httpx2","msg":"HTTP Request: POST http://testserver/demo \"HTTP/1.1 404 Not Found\"","service":"axiom-grid-overlay"}
{"ts":"2026-09-13T12:55:32.302Z","level":"INFO","logger":"overlay.server","msg":"request completed","service":"axiom-grid-overlay","request_id":"22106b1c21dd46d6ae63b53694622507","path":"/demo","status":404,"latency_ms":3.3,"client":"testclient"}
{"ts":"2026-09-13T12:55:32.303Z","level":"INFO","logger":"httpx2","msg":"HTTP Request: POST http://testserver/demo \"HTTP/1.1 404 Not Found\"","service":"axiom-grid-overlay"}
{"ts":"2026-09-13T12:55:32.304Z","level":"INFO","logger":"httpx2","msg":"HTTP Request: POST http://testserver/demo \"HTTP/1.1 404 Not Found\"","service":"axiom-grid-overlay"}
{"ts":"2026-09-13T12:55:32.304Z","level":"INFO","logger":"httpx2","msg":"HTTP Request: POST http://testserver/demo \"HTTP/1.1 404 Not Found\"","service":"axiom-grid-overlay"}
{"ts":"2026-09-13T12:55:32.305Z","level":"INFO","logger":"httpx2","msg":"HTTP Request: POST http://testserver/demo \"HTTP/1.1 404 Not Found\"","service":"axiom-grid-overlay"}
{"ts":"2026-09-13T12:55:32.313Z","level":"INFO","logger":"overlay.server","msg":"request completed","service":"axiom-grid-overlay","request_id":"0c6bf49bb5e0423588c67761d6d8fe3d","path":"/demo","status":404,"latency_ms":2.51,"client":"testclient"}
{"ts":"2026-09-13T12:55:32.313Z","level":"INFO","logger":"overlay.server","msg":"request completed","service":"axiom-grid-overlay","request_id":"6f5c50a22a2e407bbac6ed0edde06136","path":"/demo","status":404,"latency_ms":7.73,"client":"testclient"}
{"ts":"2026-09-13T12:55:32.314Z","level":"INFO","logger":"overlay.server","msg":"request completed","service":"axiom-grid-overlay","request_id":"19d9b45ee90d420594ee098f9b08b173","path":"/demo","status":404,"latency_ms":5.5,"client":"testclient"}
{"ts":"2026-09-13T12:55:32.316Z","level":"INFO","logger":"httpx2","msg":"HTTP Request: POST http://testserver/demo \"HTTP/1.1 404 Not Found\"","service":"axiom-grid-overlay"}
{"ts":"2026-09-13T12:55:32.317Z","level":"INFO","logger":"httpx2","msg":"HTTP Request: POST http://testserver/demo \"HTTP/1.1 404 Not Found\"","service":"axiom-grid-overlay"}
{"ts":"2026-09-13T12:55:32.317Z","level":"INFO","logger":"httpx2","msg":"HTTP Request: POST http://testserver/demo \"HTTP/1.1 404 Not Found\"","service":"axiom-grid-overlay"}
{"ts":"2026-09-13T12:55:32.320Z","level":"INFO","logger":"overlay.server","msg":"request completed","service":"axiom-grid-overlay","request_id":"d7d7b050094c4f818ccdd8c6423f4bd9","path":"/demo","status":404,"latency_ms":16.0,"client":"testclient"}
{"ts":"2026-09-13T12:55:32.323Z","level":"INFO","logger":"overlay.server","msg":"request completed","service":"axiom-grid-overlay","request_id":"73ad1866edc04a4c8812a3f3dfd853ad","path":"/demo","status":404,"latency_ms":15.26,"client":"testclient"}
{"ts":"2026-09-13T12:55:32.325Z","level":"INFO","logger":"httpx2","msg":"HTTP Request: POST http://testserver/demo \"HTTP/1.1 404 Not Found\"","service":"axiom-grid-overlay"}
{"ts":"2026-09-13T12:55:32.327Z","level":"INFO","logger":"overlay.server","msg":"request completed","service":"axiom-grid-overlay","request_id":"a7474b2557024f2cb895f6abff5b38d0","path":"/demo","status":404,"latency_ms":5.86,"client":"testclient"}
{"ts":"2026-09-13T12:55:32.327Z","level":"INFO","logger":"httpx2","msg":"HTTP Request: POST http://testserver/demo \"HTTP/1.1 404 Not Found\"","service":"axiom-grid-overlay"}
{"ts":"2026-09-13T12:55:32.329Z","level":"INFO","logger":"overlay.server","msg":"request completed","service":"axiom-grid-overlay","request_id":"cc01e1d84446409786050c882d6a76a5","path":"/demo","status":404,"latency_ms":10.52,"client":"testclient"}
{"ts":"2026-09-13T12:55:32.330Z","level":"INFO","logger":"httpx2","msg":"HTTP Request: POST http://testserver/demo \"HTTP/1.1 404 Not Found\"","service":"axiom-grid-overlay"}
{"ts":"2026-09-13T12:55:32.331Z","level":"INFO","logger":"httpx2","msg":"HTTP Request: POST http://testserver/demo \"HTTP/1.1 404 Not Found\"","service":"axiom-grid-overlay"}
{"ts":"2026-09-13T12:55:32.332Z","level":"INFO","logger":"overlay.server","msg":"request completed","service":"axiom-grid-overlay","request_id":"1accaf431009480db60d9223360cb5b9","path":"/demo","status":404,"latency_ms":12.79,"client":"testclient"}
{"ts":"2026-09-13T12:55:32.336Z","level":"WARNING","logger":"kairo.context.compressor","msg":"Compression engine unavailable (No module named 'headroom'), using passthrough fallback","service":"axiom-grid-overlay"}
{"ts":"2026-09-13T12:55:32.337Z","level":"INFO","logger":"kairo.context.compressor","msg":"Compressed 13 chunks -> 13 (206 -> 206 tokens, 0.0% reduction)","service":"axiom-grid-overlay"}
{"ts":"2026-09-13T12:55:32.340Z","level":"INFO","logger":"httpx2","msg":"HTTP Request: POST http://testserver/demo \"HTTP/1.1 404 Not Found\"","service":"axiom-grid-overlay"}
{"ts":"2026-09-13T12:55:32.341Z","level":"INFO","logger":"overlay.server","msg":"request completed","service":"axiom-grid-overlay","request_id":"2f006f64d1fb4a028870bdb851b81269","path":"/demo","status":404,"latency_ms":3.43,"client":"testclient"}
{"ts":"2026-09-13T12:55:32.344Z","level":"INFO","logger":"overlay.server","msg":"request completed","service":"axiom-grid-overlay","request_id":"bb1b10be1ae64b459d92feaad23d3d53","path":"/demo","status":404,"latency_ms":2.05,"client":"testclient"}
{"ts":"2026-09-13T12:55:32.344Z","level":"INFO","logger":"overlay.server","msg":"request completed","service":"axiom-grid-overlay","request_id":"d115e55bc6cb48918109bb276086f45c","path":"/demo","status":404,"latency_ms":10.44,"client":"testclient"}
{"ts":"2026-09-13T12:55:32.345Z","level":"INFO","logger":"overlay.server","msg":"request completed","service":"axiom-grid-overlay","request_id":"d57e80d32a7e4fb0831862111e356860","path":"/demo","status":404,"latency_ms":15.45,"client":"testclient"}
{"ts":"2026-09-13T12:55:32.346Z","level":"INFO","logger":"httpx2","msg":"HTTP Request: POST http://testserver/demo \"HTTP/1.1 404 Not Found\"","service":"axiom-grid-overlay"}
{"ts":"2026-09-13T12:55:32.347Z","level":"INFO","logger":"httpx2","msg":"HTTP Request: POST http://testserver/demo \"HTTP/1.1 404 Not Found\"","service":"axiom-grid-overlay"}
{"ts":"2026-09-13T12:55:32.348Z","level":"INFO","logger":"httpx2","msg":"HTTP Request: POST http://testserver/demo \"HTTP/1.1 404 Not Found\"","service":"axiom-grid-overlay"}
{"ts":"2026-09-13T12:55:32.349Z","level":"INFO","logger":"httpx2","msg":"HTTP Request: POST http://testserver/demo \"HTTP/1.1 404 Not Found\"","service":"axiom-grid-overlay"}
{"ts":"2026-09-13T12:55:32.356Z","level":"INFO","logger":"overlay.server","msg":"request completed","service":"axiom-grid-overlay","request_id":"2529ab6828d24880a4f108f31b0bced9","path":"/demo","status":404,"latency_ms":2.91,"client":"testclient"}
{"ts":"2026-09-13T12:55:32.358Z","level":"INFO","logger":"overlay.server","msg":"request completed","service":"axiom-grid-overlay","request_id":"c59e3833191d4781a10bcd8e812e1b29","path":"/demo","status":404,"latency_ms":6.79,"client":"testclient"}
{"ts":"2026-09-13T12:55:32.360Z","level":"INFO","logger":"httpx2","msg":"HTTP Request: POST http://testserver/demo \"HTTP/1.1 404 Not Found\"","service":"axiom-grid-overlay"}
{"ts":"2026-09-13T12:55:32.361Z","level":"INFO","logger":"overlay.server","msg":"request completed","service":"axiom-grid-overlay","request_id":"8300f9492c404e2a8d1f9a602142a015","path":"/demo","status":404,"latency_ms":15.32,"client":"testclient"}
{"ts":"2026-09-13T12:55:32.363Z","level":"INFO","logger":"httpx2","msg":"HTTP Request: POST http://testserver/demo \"HTTP/1.1 404 Not Found\"","service":"axiom-grid-overlay"}
{"ts":"2026-09-13T12:55:32.365Z","level":"INFO","logger":"overlay.server","msg":"request completed","service":"axiom-grid-overlay","request_id":"e2175b75e0a7414eace3a12c2eb08fb0","path":"/demo","status":404,"latency_ms":6.65,"client":"testclient"}
{"ts":"2026-09-13T12:55:32.366Z","level":"INFO","logger":"overlay.server","msg":"request completed","service":"axiom-grid-overlay","request_id":"c407da8d40924b4fa8915875344d6b33","path":"/demo","status":200,"latency_ms":616.53,"client":"testclient"}
{"ts":"2026-09-13T12:55:32.367Z","level":"INFO","logger":"overlay.server","msg":"request completed","service":"axiom-grid-overlay","request_id":"dc6641899bf74a7abfc8c4e7867076d5","path":"/demo","status":404,"latency_ms":16.95,"client":"testclient"}
{"ts":"2026-09-13T12:55:32.369Z","level":"INFO","logger":"kernel.sidecar.ingestor","msg":"Ingested sample_memo_01.txt: 13 chunks, 1 pages, sha256=2cee63241b4f234c","service":"axiom-grid-overlay"}
{"ts":"2026-09-13T12:55:32.370Z","level":"INFO","logger":"httpx2","msg":"HTTP Request: POST http://testserver/demo \"HTTP/1.1 404 Not Found\"","service":"axiom-grid-overlay"}
{"ts":"2026-09-13T12:55:32.370Z","level":"INFO","logger":"httpx2","msg":"HTTP Request: POST http://testserver/demo \"HTTP/1.1 404 Not Found\"","service":"axiom-grid-overlay"}
{"ts":"2026-09-13T12:55:32.372Z","level":"INFO","logger":"httpx2","msg":"HTTP Request: POST http://testserver/demo \"HTTP/1.1 404 Not Found\"","service":"axiom-grid-overlay"}
{"ts":"2026-09-13T12:55:32.374Z","level":"INFO","logger":"overlay.server","msg":"request completed","service":"axiom-grid-overlay","request_id":"0736c2d341cb4602aa0289cdafe0e881","path":"/demo","status":404,"latency_ms":9.78,"client":"testclient"}
{"ts":"2026-09-13T12:55:32.379Z","level":"INFO","logger":"httpx2","msg":"HTTP Request: POST http://testserver/demo \"HTTP/1.1 404 Not Found\"","service":"axiom-grid-overlay"}
{"ts":"2026-09-13T12:55:32.380Z","level":"INFO","logger":"httpx2","msg":"HTTP Request: POST http://testserver/demo \"HTTP/1.1 200 OK\"","service":"axiom-grid-overlay"}
{"ts":"2026-09-13T12:55:32.385Z","level":"INFO","logger":"overlay.server","msg":"request completed","service":"axiom-grid-overlay","request_id":"d9b02a32fa69439e890c4b49239412a1","path":"/demo","status":404,"latency_ms":7.78,"client":"testclient"}
{"ts":"2026-09-13T12:55:32.386Z","level":"INFO","logger":"overlay.server","msg":"request completed","service":"axiom-grid-overlay","request_id":"b40ea404d766493ba18b45dc4bb04235","path":"/demo","status":404,"latency_ms":4.56,"client":"testclient"}
{"ts":"2026-09-13T12:55:32.387Z","level":"INFO","logger":"httpx2","msg":"HTTP Request: POST http://testserver/demo \"HTTP/1.1 404 Not Found\"","service":"axiom-grid-overlay"}
{"ts":"2026-09-13T12:55:32.387Z","level":"INFO","logger":"overlay.server","msg":"request completed","service":"axiom-grid-overlay","request_id":"e2b05483e9b3402696d55d1a8daff002","path":"/demo","status":404,"latency_ms":11.82,"client":"testclient"}
{"ts":"2026-09-13T12:55:32.389Z","level":"INFO","logger":"httpx2","msg":"HTTP Request: POST http://testserver/demo \"HTTP/1.1 404 Not Found\"","service":"axiom-grid-overlay"}
{"ts":"2026-09-13T12:55:32.390Z","level":"INFO","logger":"httpx2","msg":"HTTP Request: POST http://testserver/demo \"HTTP/1.1 404 Not Found\"","service":"axiom-grid-overlay"}
{"ts":"2026-09-13T12:55:32.392Z","level":"INFO","logger":"overlay.server","msg":"request completed","service":"axiom-grid-overlay","request_id":"9f1f84f5cbb145edb7943e4e8077a78a","path":"/demo","status":404,"latency_ms":21.01,"client":"testclient"}
{"ts":"2026-09-13T12:55:32.398Z","level":"INFO","logger":"overlay.server","msg":"request completed","service":"axiom-grid-overlay","request_id":"ea770253265b4becb162b8e2359bb294","path":"/demo","status":404,"latency_ms":9.3,"client":"testclient"}
{"ts":"2026-09-13T12:55:32.398Z","level":"INFO","logger":"httpx2","msg":"HTTP Request: POST http://testserver/demo \"HTTP/1.1 404 Not Found\"","service":"axiom-grid-overlay"}
{"ts":"2026-09-13T12:55:32.402Z","level":"INFO","logger":"overlay.server","msg":"request completed","service":"axiom-grid-overlay","request_id":"66c2d15fb8af4068afb8eb3c102c8dae","path":"/demo","status":404,"latency_ms":18.78,"client":"testclient"}
{"ts":"2026-09-13T12:55:32.403Z","level":"INFO","logger":"httpx2","msg":"HTTP Request: POST http://testserver/demo \"HTTP/1.1 404 Not Found\"","service":"axiom-grid-overlay"}
{"ts":"2026-09-13T12:55:32.404Z","level":"INFO","logger":"overlay.server","msg":"request completed","service":"axiom-grid-overlay","request_id":"99cacfdf9489442ba8aa7aa77b2cfccd","path":"/demo","status":404,"latency_ms":11.05,"client":"testclient"}
{"ts":"2026-09-13T12:55:32.407Z","level":"INFO","logger":"overlay.server","msg":"request completed","service":"axiom-grid-overlay","request_id":"53f1919e95ea4cb9a36cf40bcc2ddd68","path":"/demo","status":404,"latency_ms":5.79,"client":"testclient"}
{"ts":"2026-09-13T12:55:32.408Z","level":"INFO","logger":"httpx2","msg":"HTTP Request: POST http://testserver/demo \"HTTP/1.1 404 Not Found\"","service":"axiom-grid-overlay"}
{"ts":"2026-09-13T12:55:32.410Z","level":"INFO","logger":"httpx2","msg":"HTTP Request: POST http://testserver/demo \"HTTP/1.1 404 Not Found\"","service":"axiom-grid-overlay"}
{"ts":"2026-09-13T12:55:32.411Z","level":"INFO","logger":"httpx2","msg":"HTTP Request: POST http://testserver/demo \"HTTP/1.1 404 Not Found\"","service":"axiom-grid-overlay"}
{"ts":"2026-09-13T12:55:32.412Z","level":"INFO","logger":"overlay.server","msg":"request completed","service":"axiom-grid-overlay","request_id":"55da6e26b7524ebd9ab53c06cd0e1825","path":"/demo","status":404,"latency_ms":16.41,"client":"testclient"}
{"ts":"2026-09-13T12:55:32.414Z","level":"INFO","logger":"overlay.server","msg":"request completed","service":"axiom-grid-overlay","request_id":"0ec775b7769d43b19bf01fb9a4febbff","path":"/demo","status":404,"latency_ms":7.72,"client":"testclient"}
{"ts":"2026-09-13T12:55:32.416Z","level":"INFO","logger":"httpx2","msg":"HTTP Request: POST http://testserver/demo \"HTTP/1.1 404 Not Found\"","service":"axiom-grid-overlay"}
{"ts":"2026-09-13T12:55:32.418Z","level":"INFO","logger":"httpx2","msg":"HTTP Request: POST http://testserver/demo \"HTTP/1.1 404 Not Found\"","service":"axiom-grid-overlay"}
{"ts":"2026-09-13T12:55:32.425Z","level":"INFO","logger":"overlay.server","msg":"request completed","service":"axiom-grid-overlay","request_id":"af26d3ee825a4720b3af4ee044ffb065","path":"/demo","status":404,"latency_ms":14.02,"client":"testclient"}
{"ts":"2026-09-13T12:55:32.425Z","level":"INFO","logger":"overlay.server","msg":"request completed","service":"axiom-grid-overlay","request_id":"1b4439fb2e0e4d0fb42c7dc2daa63424","path":"/demo","status":404,"latency_ms":6.06,"client":"testclient"}
{"ts":"2026-09-13T12:55:32.429Z","level":"INFO","logger":"httpx2","msg":"HTTP Request: POST http://testserver/demo \"HTTP/1.1 404 Not Found\"","service":"axiom-grid-overlay"}
{"ts":"2026-09-13T12:55:32.431Z","level":"INFO","logger":"overlay.server","msg":"request completed","service":"axiom-grid-overlay","request_id":"d9606e91f723448c82790def49752053","path":"/demo","status":404,"latency_ms":14.6,"client":"testclient"}
{"ts":"2026-09-13T12:55:32.432Z","level":"INFO","logger":"httpx2","msg":"HTTP Request: POST http://testserver/demo \"HTTP/1.1 404 Not Found\"","service":"axiom-grid-overlay"}
{"ts":"2026-09-13T12:55:32.434Z","level":"INFO","logger":"overlay.server","msg":"request completed","service":"axiom-grid-overlay","request_id":"2bdc85bf43eb4cc195f7e1dce2bb2f16","path":"/demo","status":404,"latency_ms":12.49,"client":"testclient"}
{"ts":"2026-09-13T12:55:32.434Z","level":"WARNING","logger":"kairo.context.compressor","msg":"Compression engine unavailable (No module named 'headroom'), using passthrough fallback","service":"axiom-grid-overlay"}
{"ts":"2026-09-13T12:55:32.436Z","level":"INFO","logger":"overlay.server","msg":"request completed","service":"axiom-grid-overlay","request_id":"cf0bd34de84842a2ab20ff6ae329f549","path":"/demo","status":404,"latency_ms":12.95,"client":"testclient"}
{"ts":"2026-09-13T12:55:32.438Z","level":"INFO","logger":"httpx2","msg":"HTTP Request: POST http://testserver/demo \"HTTP/1.1 404 Not Found\"","service":"axiom-grid-overlay"}
{"ts":"2026-09-13T12:55:32.438Z","level":"INFO","logger":"httpx2","msg":"HTTP Request: POST http://testserver/demo \"HTTP/1.1 404 Not Found\"","service":"axiom-grid-overlay"}
{"ts":"2026-09-13T12:55:32.439Z","level":"INFO","logger":"kairo.context.compressor","msg":"Compressed 13 chunks -> 13 (206 -> 206 tokens, 0.0% reduction)","service":"axiom-grid-overlay"}
{"ts":"2026-09-13T12:55:32.444Z","level":"INFO","logger":"overlay.server","msg":"request completed","service":"axiom-grid-overlay","request_id":"ba083d2360f344b6982a39c4c244ad50","path":"/demo","status":404,"latency_ms":16.66,"client":"testclient"}
{"ts":"2026-09-13T12:55:32.447Z","level":"INFO","logger":"httpx2","msg":"HTTP Request: POST http://testserver/demo \"HTTP/1.1 404 Not Found\"","service":"axiom-grid-overlay"}
{"ts":"2026-09-13T12:55:32.447Z","level":"INFO","logger":"httpx2","msg":"HTTP Request: POST http://testserver/demo \"HTTP/1.1 404 Not Found\"","service":"axiom-grid-overlay"}
{"ts":"2026-09-13T12:55:32.450Z","level":"INFO","logger":"overlay.server","msg":"request completed","service":"axiom-grid-overlay","request_id":"24ea42b3b3094eb6ab953fa7cf90862c","path":"/demo","status":404,"latency_ms":10.3,"client":"testclient"}
{"ts":"2026-09-13T12:55:32.452Z","level":"INFO","logger":"overlay.server","msg":"request completed","service":"axiom-grid-overlay","request_id":"fd72ca7ae53b4deeade6ab4d202a7da4","path":"/demo","status":404,"latency_ms":11.17,"client":"testclient"}
{"ts":"2026-09-13T12:55:32.453Z","level":"INFO","logger":"httpx2","msg":"HTTP Request: POST http://testserver/demo \"HTTP/1.1 404 Not Found\"","service":"axiom-grid-overlay"}
{"ts":"2026-09-13T12:55:32.455Z","level":"INFO","logger":"httpx2","msg":"HTTP Request: POST http://testserver/demo \"HTTP/1.1 404 Not Found\"","service":"axiom-grid-overlay"}
{"ts":"2026-09-13T12:55:32.460Z","level":"INFO","logger":"overlay.server","msg":"request completed","service":"axiom-grid-overlay","request_id":"69fc4a4380e542b2bfeda25a557520bb","path":"/demo","status":404,"latency_ms":11.73,"client":"testclient"}
{"ts":"2026-09-13T12:55:32.464Z","level":"INFO","logger":"overlay.server","msg":"request completed","service":"axiom-grid-overlay","request_id":"70752177fd9649eca5a9a0e01355e6dc","path":"/demo","status":404,"latency_ms":18.94,"client":"testclient"}
{"ts":"2026-09-13T12:55:32.465Z","level":"INFO","logger":"overlay.server","msg":"request completed","service":"axiom-grid-overlay","request_id":"0a860e62fd504c24bae536b28614fabe","path":"/demo","status":404,"latency_ms":5.93,"client":"testclient"}
{"ts":"2026-09-13T12:55:32.466Z","level":"INFO","logger":"overlay.server","msg":"request completed","service":"axiom-grid-overlay","request_id":"9d55ef8f2c96496c8b8e172bbd5e6d8f","path":"/demo","status":404,"latency_ms":9.64,"client":"testclient"}
{"ts":"2026-09-13T12:55:32.467Z","level":"INFO","logger":"overlay.server","msg":"request completed","service":"axiom-grid-overlay","request_id":"c9bd7f7eaa1d472ca76eac8b46df0683","path":"/demo","status":200,"latency_ms":704.23,"client":"testclient"}
{"ts":"2026-09-13T12:55:32.468Z","level":"INFO","logger":"httpx2","msg":"HTTP Request: POST http://testserver/demo \"HTTP/1.1 404 Not Found\"","service":"axiom-grid-overlay"}
{"ts":"2026-09-13T12:55:32.470Z","level":"INFO","logger":"httpx2","msg":"HTTP Request: POST http://testserver/demo \"HTTP/1.1 404 Not Found\"","service":"axiom-grid-overlay"}
{"ts":"2026-09-13T12:55:32.471Z","level":"INFO","logger":"httpx2","msg":"HTTP Request: POST http://testserver/demo \"HTTP/1.1 404 Not Found\"","service":"axiom-grid-overlay"}
{"ts":"2026-09-13T12:55:32.471Z","level":"INFO","logger":"httpx2","msg":"HTTP Request: POST http://testserver/demo \"HTTP/1.1 404 Not Found\"","service":"axiom-grid-overlay"}
{"ts":"2026-09-13T12:55:32.474Z","level":"INFO","logger":"httpx2","msg":"HTTP Request: POST http://testserver/demo \"HTTP/1.1 200 OK\"","service":"axiom-grid-overlay"}
{"ts":"2026-09-13T12:55:32.477Z","level":"INFO","logger":"overlay.server","msg":"request completed","service":"axiom-grid-overlay","request_id":"95f3b51f44754b2fbb8a0cf3287cca71","path":"/demo","status":404,"latency_ms":23.06,"client":"testclient"}
{"ts":"2026-09-13T12:55:32.478Z","level":"INFO","logger":"kernel.sidecar.ingestor","msg":"Ingested sample_memo_01.txt: 13 chunks, 1 pages, sha256=2cee63241b4f234c","service":"axiom-grid-overlay"}
{"ts":"2026-09-13T12:55:32.484Z","level":"INFO","logger":"overlay.server","msg":"request completed","service":"axiom-grid-overlay","request_id":"6b879ebcd4934f0dac45fe6e7c7c2137","path":"/demo","status":404,"latency_ms":8.72,"client":"testclient"}
{"ts":"2026-09-13T12:55:32.485Z","level":"INFO","logger":"httpx2","msg":"HTTP Request: POST http://testserver/demo \"HTTP/1.1 404 Not Found\"","service":"axiom-grid-overlay"}
{"ts":"2026-09-13T12:55:32.487Z","level":"INFO","logger":"overlay.server","msg":"request completed","service":"axiom-grid-overlay","request_id":"693a84457c264390aab91ee5565a5d7c","path":"/demo","status":404,"latency_ms":31.44,"client":"testclient"}
{"ts":"2026-09-13T12:55:32.490Z","level":"INFO","logger":"httpx2","msg":"HTTP Request: POST http://testserver/demo \"HTTP/1.1 404 Not Found\"","service":"axiom-grid-overlay"}
{"ts":"2026-09-13T12:55:32.490Z","level":"INFO","logger":"overlay.server","msg":"request completed","service":"axiom-grid-overlay","request_id":"6cbf5cf4c0eb4fb9a5012f11662e468b","path":"/demo","status":404,"latency_ms":11.57,"client":"testclient"}
{"ts":"2026-09-13T12:55:32.491Z","level":"INFO","logger":"overlay.server","msg":"request completed","service":"axiom-grid-overlay","request_id":"0d630dc019814eee980ec533311af4fb","path":"/demo","status":404,"latency_ms":18.23,"client":"testclient"}
{"ts":"2026-09-13T12:55:32.492Z","level":"INFO","logger":"httpx2","msg":"HTTP Request: POST http://testserver/demo \"HTTP/1.1 404 Not Found\"","service":"axiom-grid-overlay"}
{"ts":"2026-09-13T12:55:32.495Z","level":"INFO","logger":"httpx2","msg":"HTTP Request: POST http://testserver/demo \"HTTP/1.1 404 Not Found\"","service":"axiom-grid-overlay"}
{"ts":"2026-09-13T12:55:32.496Z","level":"INFO","logger":"overlay.server","msg":"request completed","service":"axiom-grid-overlay","request_id":"ccf08581fcec4c54adfea6fce7cf61f7","path":"/demo","status":404,"latency_ms":13.46,"client":"testclient"}
{"ts":"2026-09-13T12:55:32.497Z","level":"INFO","logger":"overlay.server","msg":"request completed","service":"axiom-grid-overlay","request_id":"dff4603fb92647349d54c520886ccb7d","path":"/demo","status":404,"latency_ms":11.18,"client":"testclient"}
{"ts":"2026-09-13T12:55:32.499Z","level":"INFO","logger":"httpx2","msg":"HTTP Request: POST http://testserver/demo \"HTTP/1.1 404 Not Found\"","service":"axiom-grid-overlay"}
{"ts":"2026-09-13T12:55:32.504Z","level":"INFO","logger":"httpx2","msg":"HTTP Request: POST http://testserver/demo \"HTTP/1.1 404 Not Found\"","service":"axiom-grid-overlay"}
{"ts":"2026-09-13T12:55:32.505Z","level":"INFO","logger":"httpx2","msg":"HTTP Request: POST http://testserver/demo \"HTTP/1.1 404 Not Found\"","service":"axiom-grid-overlay"}
{"ts":"2026-09-13T12:55:32.506Z","level":"INFO","logger":"overlay.server","msg":"request completed","service":"axiom-grid-overlay","request_id":"098ca59c533a4e6394cb1ca07f4027be","path":"/demo","status":404,"latency_ms":13.0,"client":"testclient"}
{"ts":"2026-09-13T12:55:32.508Z","level":"INFO","logger":"overlay.server","msg":"request completed","service":"axiom-grid-overlay","request_id":"9d6fb19e5b7143ed89f6b14ec2fceb20","path":"/demo","status":404,"latency_ms":9.84,"client":"testclient"}
{"ts":"2026-09-13T12:55:32.512Z","level":"INFO","logger":"httpx2","msg":"HTTP Request: POST http://testserver/demo \"HTTP/1.1 404 Not Found\"","service":"axiom-grid-overlay"}
{"ts":"2026-09-13T12:55:32.513Z","level":"INFO","logger":"overlay.server","msg":"request completed","service":"axiom-grid-overlay","request_id":"006439b6d0be44efb38c27ea6893e84d","path":"/demo","status":404,"latency_ms":11.46,"client":"testclient"}
{"ts":"2026-09-13T12:55:32.514Z","level":"INFO","logger":"overlay.server","msg":"request completed","service":"axiom-grid-overlay","request_id":"35cd18a00b754705af1ce6c28e8642ad","path":"/demo","status":404,"latency_ms":13.18,"client":"testclient"}
{"ts":"2026-09-13T12:55:32.516Z","level":"INFO","logger":"httpx2","msg":"HTTP Request: POST http://testserver/demo \"HTTP/1.1 404 Not Found\"","service":"axiom-grid-overlay"}
{"ts":"2026-09-13T12:55:32.517Z","level":"INFO","logger":"httpx2","msg":"HTTP Request: POST http://testserver/demo \"HTTP/1.1 404 Not Found\"","service":"axiom-grid-overlay"}
{"ts":"2026-09-13T12:55:32.521Z","level":"INFO","logger":"overlay.server","msg":"request completed","service":"axiom-grid-overlay","request_id":"2b6221db42e24039b8d3d844e0b676c4","path":"/demo","status":404,"latency_ms":11.71,"client":"testclient"}
{"ts":"2026-09-13T12:55:32.522Z","level":"INFO","logger":"overlay.server","msg":"request completed","service":"axiom-grid-overlay","request_id":"8eda58eabc98493a8bfc9968d6aef93b","path":"/demo","status":404,"latency_ms":11.77,"client":"testclient"}
{"ts":"2026-09-13T12:55:32.524Z","level":"INFO","logger":"httpx2","msg":"HTTP Request: POST http://testserver/demo \"HTTP/1.1 404 Not Found\"","service":"axiom-grid-overlay"}
{"ts":"2026-09-13T12:55:32.525Z","level":"INFO","logger":"overlay.server","msg":"request completed","service":"axiom-grid-overlay","request_id":"8fe2cf78630f442e8c591a9dc0f74ded","path":"/api/extract-document","status":422,"latency_ms":7.34,"client":"testclient"}
{"ts":"2026-09-13T12:55:32.525Z","level":"INFO","logger":"overlay.server","msg":"request completed","service":"axiom-grid-overlay","request_id":"17f31e07324947c1ad4cf6d85df56236","path":"/demo","status":404,"latency_ms":7.41,"client":"testclient"}
{"ts":"2026-09-13T12:55:32.527Z","level":"INFO","logger":"httpx2","msg":"HTTP Request: POST http://testserver/demo \"HTTP/1.1 404 Not Found\"","service":"axiom-grid-overlay"}
{"ts":"2026-09-13T12:55:32.530Z","level":"INFO","logger":"httpx2","msg":"HTTP Request: POST http://testserver/demo \"HTTP/1.1 404 Not Found\"","service":"axiom-grid-overlay"}
{"ts":"2026-09-13T12:55:32.531Z","level":"INFO","logger":"overlay.server","msg":"request completed","service":"axiom-grid-overlay","request_id":"06e279b34b5940cb82e7a9599499d228","path":"/api/extract-document","status":422,"latency_ms":1.85,"client":"testclient"}
{"ts":"2026-09-13T12:55:32.532Z","level":"INFO","logger":"overlay.server","msg":"request completed","service":"axiom-grid-overlay","request_id":"7dab6fa1a9d24296b83f302d675a9e56","path":"/api/extract-document","status":422,"latency_ms":4.31,"client":"testclient"}
{"ts":"2026-09-13T12:55:32.534Z","level":"INFO","logger":"httpx2","msg":"HTTP Request: POST http://testserver/demo \"HTTP/1.1 404 Not Found\"","service":"axiom-grid-overlay"}
{"ts":"2026-09-13T12:55:32.535Z","level":"INFO","logger":"httpx2","msg":"HTTP Request: POST http://testserver/api/extract-document \"HTTP/1.1 422 Unprocessable Entity\"","service":"axiom-grid-overlay"}
{"ts":"2026-09-13T12:55:32.539Z","level":"INFO","logger":"overlay.server","msg":"request completed","service":"axiom-grid-overlay","request_id":"07a91ce0c8ae4a59a8686c33e586b3c2","path":"/api/extract-document","status":422,"latency_ms":1.89,"client":"testclient"}
{"ts":"2026-09-13T12:55:32.539Z","level":"INFO","logger":"httpx2","msg":"HTTP Request: POST http://testserver/api/extract-document \"HTTP/1.1 422 Unprocessable Entity\"","service":"axiom-grid-overlay"}
{"ts":"2026-09-13T12:55:32.540Z","level":"INFO","logger":"overlay.server","msg":"request completed","service":"axiom-grid-overlay","request_id":"cdcca35ba9034b519eac75be7ed82328","path":"/api/extract-document","status":422,"latency_ms":7.26,"client":"testclient"}
{"ts":"2026-09-13T12:55:32.542Z","level":"INFO","logger":"overlay.server","msg":"request completed","service":"axiom-grid-overlay","request_id":"08983388a1774f418ca72b21ff89a071","path":"/api/extract-document","status":422,"latency_ms":1.15,"client":"testclient"}
{"ts":"2026-09-13T12:55:32.544Z","level":"INFO","logger":"httpx2","msg":"HTTP Request: POST http://testserver/api/extract-document \"HTTP/1.1 422 Unprocessable Entity\"","service":"axiom-grid-overlay"}
{"ts":"2026-09-13T12:55:32.546Z","level":"INFO","logger":"overlay.server","msg":"request completed","service":"axiom-grid-overlay","request_id":"5714e51a9f364fbfae42e370333ed422","path":"/api/extract-document","status":422,"latency_ms":1.11,"client":"testclient"}
{"ts":"2026-09-13T12:55:32.547Z","level":"INFO","logger":"httpx2","msg":"HTTP Request: POST http://testserver/api/extract-document \"HTTP/1.1 422 Unprocessable Entity\"","service":"axiom-grid-overlay"}
{"ts":"2026-09-13T12:55:32.547Z","level":"INFO","logger":"httpx2","msg":"HTTP Request: POST http://testserver/api/extract-document \"HTTP/1.1 422 Unprocessable Entity\"","service":"axiom-grid-overlay"}
{"ts":"2026-09-13T12:55:32.548Z","level":"INFO","logger":"httpx2","msg":"HTTP Request: POST http://testserver/api/extract-document \"HTTP/1.1 422 Unprocessable Entity\"","service":"axiom-grid-overlay"}
{"ts":"2026-09-13T12:55:32.548Z","level":"INFO","logger":"httpx2","msg":"HTTP Request: POST http://testserver/api/extract-document \"HTTP/1.1 422 Unprocessable Entity\"","service":"axiom-grid-overlay"}
{"ts":"2026-09-13T12:55:32.550Z","level":"INFO","logger":"overlay.server","msg":"request completed","service":"axiom-grid-overlay","request_id":"818a57c280ba49f6853739118dd4eaea","path":"/api/extract-document","status":422,"latency_ms":1.15,"client":"testclient"}
{"ts":"2026-09-13T12:55:32.555Z","level":"INFO","logger":"overlay.server","msg":"request completed","service":"axiom-grid-overlay","request_id":"334ce19aa53e452a95a310203752dc84","path":"/api/extract-document","status":422,"latency_ms":1.25,"client":"testclient"}
{"ts":"2026-09-13T12:55:32.556Z","level":"INFO","logger":"overlay.server","msg":"request completed","service":"axiom-grid-overlay","request_id":"a3a57ad12e2546ca965b41360b890965","path":"/api/extract-document","status":422,"latency_ms":3.78,"client":"testclient"}
{"ts":"2026-09-13T12:55:32.560Z","level":"INFO","logger":"overlay.server","msg":"request completed","service":"axiom-grid-overlay","request_id":"399135e404c04d839a4cb76980c2f7a9","path":"/api/extract-document","status":422,"latency_ms":1.49,"client":"testclient"}
{"ts":"2026-09-13T12:55:32.561Z","level":"INFO","logger":"httpx2","msg":"HTTP Request: POST http://testserver/api/extract-document \"HTTP/1.1 422 Unprocessable Entity\"","service":"axiom-grid-overlay"}
{"ts":"2026-09-13T12:55:32.563Z","level":"INFO","logger":"httpx2","msg":"HTTP Request: POST http://testserver/api/extract-document \"HTTP/1.1 422 Unprocessable Entity\"","service":"axiom-grid-overlay"}
{"ts":"2026-09-13T12:55:32.566Z","level":"INFO","logger":"overlay.server","msg":"request completed","service":"axiom-grid-overlay","request_id":"10a81b68588a4e308fc415d6ab8f6ba2","path":"/api/extract-document","status":422,"latency_ms":3.81,"client":"testclient"}
{"ts":"2026-09-13T12:55:32.567Z","level":"INFO","logger":"httpx2","msg":"HTTP Request: POST http://testserver/api/extract-document \"HTTP/1.1 422 Unprocessable Entity\"","service":"axiom-grid-overlay"}
{"ts":"2026-09-13T12:55:32.568Z","level":"INFO","logger":"httpx2","msg":"HTTP Request: POST http://testserver/api/extract-document \"HTTP/1.1 422 Unprocessable Entity\"","service":"axiom-grid-overlay"}
{"ts":"2026-09-13T12:55:32.571Z","level":"INFO","logger":"overlay.server","msg":"request completed","service":"axiom-grid-overlay","request_id":"a28d8d853206436383b7f4b000b13efc","path":"/api/extract-document","status":422,"latency_ms":6.63,"client":"testclient"}
{"ts":"2026-09-13T12:55:32.572Z","level":"INFO","logger":"httpx2","msg":"HTTP Request: POST http://testserver/api/extract-document \"HTTP/1.1 422 Unprocessable Entity\"","service":"axiom-grid-overlay"}
{"ts":"2026-09-13T12:55:32.574Z","level":"INFO","logger":"overlay.server","msg":"request completed","service":"axiom-grid-overlay","request_id":"1965387a178f4a9b81aa2304181fd705","path":"/api/extract-document","status":422,"latency_ms":5.2,"client":"testclient"}
{"ts":"2026-09-13T12:55:32.576Z","level":"INFO","logger":"overlay.server","msg":"request completed","service":"axiom-grid-overlay","request_id":"69bfbe88f7b44e73a9b7d806c27eadc5","path":"/api/extract-document","status":422,"latency_ms":1.23,"client":"testclient"}
{"ts":"2026-09-13T12:55:32.577Z","level":"WARNING","logger":"kairo.context.compressor","msg":"Compression engine unavailable (No module named 'headroom'), using passthrough fallback","service":"axiom-grid-overlay"}
{"ts":"2026-09-13T12:55:32.577Z","level":"INFO","logger":"httpx2","msg":"HTTP Request: POST http://testserver/api/extract-document \"HTTP/1.1 422 Unprocessable Entity\"","service":"axiom-grid-overlay"}
{"ts":"2026-09-13T12:55:32.581Z","level":"INFO","logger":"overlay.server","msg":"request completed","service":"axiom-grid-overlay","request_id":"74f6e4199b2e45569a4093d44868e61e","path":"/api/extract-document","status":422,"latency_ms":9.32,"client":"testclient"}
{"ts":"2026-09-13T12:55:32.582Z","level":"INFO","logger":"httpx2","msg":"HTTP Request: POST http://testserver/api/extract-document \"HTTP/1.1 422 Unprocessable Entity\"","service":"axiom-grid-overlay"}
{"ts":"2026-09-13T12:55:32.584Z","level":"INFO","logger":"httpx2","msg":"HTTP Request: POST http://testserver/api/extract-document \"HTTP/1.1 422 Unprocessable Entity\"","service":"axiom-grid-overlay"}
{"ts":"2026-09-13T12:55:32.585Z","level":"INFO","logger":"overlay.server","msg":"request completed","service":"axiom-grid-overlay","request_id":"c68a3130e0354c8397b3800a1cb4a4b1","path":"/api/extract-document","status":422,"latency_ms":5.13,"client":"testclient"}
{"ts":"2026-09-13T12:55:32.586Z","level":"INFO","logger":"overlay.server","msg":"request completed","service":"axiom-grid-overlay","request_id":"7cff0ea9c0484bb29c74640888e4ee3b","path":"/api/extract-document","status":422,"latency_ms":8.23,"client":"testclient"}
{"ts":"2026-09-13T12:55:32.587Z","level":"INFO","logger":"kairo.context.compressor","msg":"Compressed 13 chunks -> 13 (206 -> 206 tokens, 0.0% reduction)","service":"axiom-grid-overlay"}
{"ts":"2026-09-13T12:55:32.590Z","level":"INFO","logger":"httpx2","msg":"HTTP Request: POST http://testserver/api/extract-document \"HTTP/1.1 422 Unprocessable Entity\"","service":"axiom-grid-overlay"}
{"ts":"2026-09-13T12:55:32.594Z","level":"INFO","logger":"overlay.server","msg":"request completed","service":"axiom-grid-overlay","request_id":"54e11b87f3aa4a21a55d66dd006ff48d","path":"/api/extract-document","status":422,"latency_ms":2.9,"client":"testclient"}
{"ts":"2026-09-13T12:55:32.594Z","level":"INFO","logger":"httpx2","msg":"HTTP Request: POST http://testserver/api/extract-document \"HTTP/1.1 422 Unprocessable Entity\"","service":"axiom-grid-overlay"}
{"ts":"2026-09-13T12:55:32.596Z","level":"INFO","logger":"overlay.server","msg":"request completed","service":"axiom-grid-overlay","request_id":"70ca4a0852c142568864c43e4da1e1a4","path":"/api/extract-document","status":422,"latency_ms":4.07,"client":"testclient"}
{"ts":"2026-09-13T12:55:32.597Z","level":"INFO","logger":"httpx2","msg":"HTTP Request: POST http://testserver/api/extract-document \"HTTP/1.1 422 Unprocessable Entity\"","service":"axiom-grid-overlay"}
{"ts":"2026-09-13T12:55:32.598Z","level":"INFO","logger":"overlay.server","msg":"request completed","service":"axiom-grid-overlay","request_id":"a81cc643593a45e39d607b9afcf2ea08","path":"/api/extract-document","status":422,"latency_ms":9.41,"client":"testclient"}
{"ts":"2026-09-13T12:55:32.601Z","level":"INFO","logger":"overlay.server","msg":"request completed","service":"axiom-grid-overlay","request_id":"7a2033c10e4149d388ec48c6cd872455","path":"/api/extract-document","status":422,"latency_ms":1.71,"client":"testclient"}
{"ts":"2026-09-13T12:55:32.603Z","level":"INFO","logger":"overlay.server","msg":"request completed","service":"axiom-grid-overlay","request_id":"12709b4867e948ecba0a43fefb2bc04a","path":"/api/extract-document","status":422,"latency_ms":3.04,"client":"testclient"}
{"ts":"2026-09-13T12:55:32.604Z","level":"INFO","logger":"httpx2","msg":"HTTP Request: POST http://testserver/api/extract-document \"HTTP/1.1 422 Unprocessable Entity\"","service":"axiom-grid-overlay"}
{"ts":"2026-09-13T12:55:32.608Z","level":"INFO","logger":"httpx2","msg":"HTTP Request: POST http://testserver/api/extract-document \"HTTP/1.1 422 Unprocessable Entity\"","service":"axiom-grid-overlay"}
{"ts":"2026-09-13T12:55:32.609Z","level":"INFO","logger":"overlay.server","msg":"request completed","service":"axiom-grid-overlay","request_id":"157aa1b3911a4518a91b0f3b41e5a243","path":"/api/extract-document","status":422,"latency_ms":5.16,"client":"testclient"}
{"ts":"2026-09-13T12:55:32.610Z","level":"INFO","logger":"overlay.server","msg":"request completed","service":"axiom-grid-overlay","request_id":"07a2c79bbb4442a7a8161c770820e719","path":"/api/extract-document","status":422,"latency_ms":4.0,"client":"testclient"}
{"ts":"2026-09-13T12:55:32.611Z","level":"INFO","logger":"httpx2","msg":"HTTP Request: POST http://testserver/api/extract-document \"HTTP/1.1 422 Unprocessable Entity\"","service":"axiom-grid-overlay"}
{"ts":"2026-09-13T12:55:32.611Z","level":"INFO","logger":"httpx2","msg":"HTTP Request: POST http://testserver/api/extract-document \"HTTP/1.1 422 Unprocessable Entity\"","service":"axiom-grid-overlay"}
{"ts":"2026-09-13T12:55:32.613Z","level":"INFO","logger":"httpx2","msg":"HTTP Request: POST http://testserver/api/extract-document \"HTTP/1.1 422 Unprocessable Entity\"","service":"axiom-grid-overlay"}
{"ts":"2026-09-13T12:55:32.618Z","level":"INFO","logger":"overlay.server","msg":"request completed","service":"axiom-grid-overlay","request_id":"d5eded52c6e94e78afe17d61d293acf3","path":"/api/extract-document","status":422,"latency_ms":1.4,"client":"testclient"}
{"ts":"2026-09-13T12:55:32.618Z","level":"INFO","logger":"httpx2","msg":"HTTP Request: POST http://testserver/api/extract-document \"HTTP/1.1 422 Unprocessable Entity\"","service":"axiom-grid-overlay"}
{"ts":"2026-09-13T12:55:32.620Z","level":"INFO","logger":"overlay.server","msg":"request completed","service":"axiom-grid-overlay","request_id":"d932de028b1946ff9b799de00567527e","path":"/api/extract-document","status":422,"latency_ms":5.94,"client":"testclient"}
{"ts":"2026-09-13T12:55:32.621Z","level":"INFO","logger":"httpx2","msg":"HTTP Request: POST http://testserver/api/extract-document \"HTTP/1.1 422 Unprocessable Entity\"","service":"axiom-grid-overlay"}
{"ts":"2026-09-13T12:55:32.623Z","level":"INFO","logger":"overlay.server","msg":"request completed","service":"axiom-grid-overlay","request_id":"5cfbe27add714e2eaa2b7a488dd868ea","path":"/api/extract-document","status":422,"latency_ms":9.43,"client":"testclient"}
{"ts":"2026-09-13T12:55:32.624Z","level":"INFO","logger":"overlay.server","msg":"request completed","service":"axiom-grid-overlay","request_id":"3cc38e6f8cfd484084fcd8faf17098f5","path":"/api/extract-document","status":422,"latency_ms":2.29,"client":"testclient"}
{"ts":"2026-09-13T12:55:32.626Z","level":"INFO","logger":"overlay.server","msg":"request completed","service":"axiom-grid-overlay","request_id":"9dd8655f864f4e458074ee3cfd822d7e","path":"/demo","status":200,"latency_ms":851.14,"client":"testclient"}
{"ts":"2026-09-13T12:55:32.628Z","level":"INFO","logger":"httpx2","msg":"HTTP Request: POST http://testserver/api/extract-document \"HTTP/1.1 422 Unprocessable Entity\"","service":"axiom-grid-overlay"}
{"ts":"2026-09-13T12:55:32.628Z","level":"INFO","logger":"httpx2","msg":"HTTP Request: POST http://testserver/api/extract-document \"HTTP/1.1 422 Unprocessable Entity\"","service":"axiom-grid-overlay"}
{"ts":"2026-09-13T12:55:32.631Z","level":"INFO","logger":"overlay.server","msg":"request completed","service":"axiom-grid-overlay","request_id":"b5d59dd9d9294b8db86c6ee1e850e722","path":"/api/extract-document","status":422,"latency_ms":3.24,"client":"testclient"}
{"ts":"2026-09-13T12:55:32.632Z","level":"INFO","logger":"overlay.server","msg":"request completed","service":"axiom-grid-overlay","request_id":"4d43df3a6f934ef7ba5db6176acd4c5f","path":"/api/extract-document","status":422,"latency_ms":3.12,"client":"testclient"}
{"ts":"2026-09-13T12:55:32.633Z","level":"INFO","logger":"httpx2","msg":"HTTP Request: POST http://testserver/api/extract-document \"HTTP/1.1 422 Unprocessable Entity\"","service":"axiom-grid-overlay"}
{"ts":"2026-09-13T12:55:32.634Z","level":"INFO","logger":"kernel.sidecar.ingestor","msg":"Ingested sample_memo_01.txt: 13 chunks, 1 pages, sha256=2cee63241b4f234c","service":"axiom-grid-overlay"}
{"ts":"2026-09-13T12:55:32.634Z","level":"INFO","logger":"httpx2","msg":"HTTP Request: POST http://testserver/api/extract-document \"HTTP/1.1 422 Unprocessable Entity\"","service":"axiom-grid-overlay"}
{"ts":"2026-09-13T12:55:32.635Z","level":"INFO","logger":"httpx2","msg":"HTTP Request: POST http://testserver/api/extract-document \"HTTP/1.1 422 Unprocessable Entity\"","service":"axiom-grid-overlay"}
{"ts":"2026-09-13T12:55:32.637Z","level":"INFO","logger":"httpx2","msg":"HTTP Request: POST http://testserver/demo \"HTTP/1.1 200 OK\"","service":"axiom-grid-overlay"}
{"ts":"2026-09-13T12:55:32.639Z","level":"INFO","logger":"overlay.server","msg":"request completed","service":"axiom-grid-overlay","request_id":"5ec890a1f0fe41a6b90ccbecdd1097d6","path":"/api/extract-document","status":422,"latency_ms":1.2,"client":"testclient"}
{"ts":"2026-09-13T12:55:32.643Z","level":"INFO","logger":"httpx2","msg":"HTTP Request: POST http://testserver/api/extract-document \"HTTP/1.1 422 Unprocessable Entity\"","service":"axiom-grid-overlay"}
{"ts":"2026-09-13T12:55:32.646Z","level":"INFO","logger":"overlay.server","msg":"request completed","service":"axiom-grid-overlay","request_id":"2e92e246b8d54a28a75799a5b4bc630f","path":"/api/extract-document","status":422,"latency_ms":1.22,"client":"testclient"}
{"ts":"2026-09-13T12:55:32.647Z","level":"INFO","logger":"overlay.server","msg":"request completed","service":"axiom-grid-overlay","request_id":"4ff09d7fc54747c4bcaabdb0b2ded69f","path":"/api/extract-document","status":422,"latency_ms":6.68,"client":"testclient"}
{"ts":"2026-09-13T12:55:32.648Z","level":"INFO","logger":"overlay.server","msg":"request completed","service":"axiom-grid-overlay","request_id":"7f227b1119154ef5a322b1dae733528c","path":"/api/extract-document","status":422,"latency_ms":4.48,"client":"testclient"}
{"ts":"2026-09-13T12:55:32.650Z","level":"INFO","logger":"overlay.server","msg":"request completed","service":"axiom-grid-overlay","request_id":"65cf2b011b714857a231e4eb124a7949","path":"/api/extract-document","status":422,"latency_ms":1.04,"client":"testclient"}
{"ts":"2026-09-13T12:55:32.651Z","level":"INFO","logger":"overlay.server","msg":"request completed","service":"axiom-grid-overlay","request_id":"df47d411d02e4b15af0e6af2e787038b","path":"/api/extract-document","status":422,"latency_ms":1.11,"client":"testclient"}
{"ts":"2026-09-13T12:55:32.653Z","level":"INFO","logger":"httpx2","msg":"HTTP Request: POST http://testserver/api/extract-document \"HTTP/1.1 422 Unprocessable Entity\"","service":"axiom-grid-overlay"}
{"ts":"2026-09-13T12:55:32.656Z","level":"INFO","logger":"overlay.server","msg":"request completed","service":"axiom-grid-overlay","request_id":"bb5f4c0468744fe084efce21d0994ec7","path":"/api/extract-document","status":422,"latency_ms":3.49,"client":"testclient"}
{"ts":"2026-09-13T12:55:32.658Z","level":"INFO","logger":"httpx2","msg":"HTTP Request: POST http://testserver/api/extract-document \"HTTP/1.1 422 Unprocessable Entity\"","service":"axiom-grid-overlay"}
{"ts":"2026-09-13T12:55:32.659Z","level":"INFO","logger":"httpx2","msg":"HTTP Request: POST http://testserver/api/extract-document \"HTTP/1.1 422 Unprocessable Entity\"","service":"axiom-grid-overlay"}
{"ts":"2026-09-13T12:55:32.659Z","level":"INFO","logger":"httpx2","msg":"HTTP Request: POST http://testserver/api/extract-document \"HTTP/1.1 422 Unprocessable Entity\"","service":"axiom-grid-overlay"}
{"ts":"2026-09-13T12:55:32.660Z","level":"INFO","logger":"httpx2","msg":"HTTP Request: POST http://testserver/api/extract-document \"HTTP/1.1 422 Unprocessable Entity\"","service":"axiom-grid-overlay"}
{"ts":"2026-09-13T12:55:32.661Z","level":"INFO","logger":"httpx2","msg":"HTTP Request: POST http://testserver/api/extract-document \"HTTP/1.1 422 Unprocessable Entity\"","service":"axiom-grid-overlay"}
{"ts":"2026-09-13T12:55:32.662Z","level":"INFO","logger":"httpx2","msg":"HTTP Request: POST http://testserver/api/extract-document \"HTTP/1.1 422 Unprocessable Entity\"","service":"axiom-grid-overlay"}
{"ts":"2026-09-13T12:55:32.669Z","level":"INFO","logger":"overlay.server","msg":"request completed","service":"axiom-grid-overlay","request_id":"893abb88d0fb4dfca7edbc5bee96bbfc","path":"/api/extract-document","status":422,"latency_ms":2.01,"client":"testclient"}
{"ts":"2026-09-13T12:55:32.673Z","level":"INFO","logger":"overlay.server","msg":"request completed","service":"axiom-grid-overlay","request_id":"fd31de7cb078492390d958c9ef9045bf","path":"/api/extract-document","status":422,"latency_ms":10.74,"client":"testclient"}
{"ts":"2026-09-13T12:55:32.674Z","level":"INFO","logger":"overlay.server","msg":"request completed","service":"axiom-grid-overlay","request_id":"28593ec01e3a4a1fb43933b835154a84","path":"/api/extract-document","status":422,"latency_ms":2.81,"client":"testclient"}
{"ts":"2026-09-13T12:55:32.676Z","level":"INFO","logger":"httpx2","msg":"HTTP Request: POST http://testserver/api/extract-document \"HTTP/1.1 422 Unprocessable Entity\"","service":"axiom-grid-overlay"}
{"ts":"2026-09-13T12:55:32.677Z","level":"INFO","logger":"overlay.server","msg":"request completed","service":"axiom-grid-overlay","request_id":"ba6fb4f53153462592dfe33f46bd9676","path":"/api/extract-document","status":422,"latency_ms":12.97,"client":"testclient"}
{"ts":"2026-09-13T12:55:32.677Z","level":"INFO","logger":"httpx2","msg":"HTTP Request: POST http://testserver/api/extract-document \"HTTP/1.1 422 Unprocessable Entity\"","service":"axiom-grid-overlay"}
{"ts":"2026-09-13T12:55:32.680Z","level":"INFO","logger":"overlay.server","msg":"request completed","service":"axiom-grid-overlay","request_id":"7bf5153bccd84e8785d38ef571b51473","path":"/api/extract-document","status":422,"latency_ms":13.16,"client":"testclient"}
{"ts":"2026-09-13T12:55:32.683Z","level":"INFO","logger":"overlay.server","msg":"request completed","service":"axiom-grid-overlay","request_id":"b11a314a34764f2cba938f65e17f1ef1","path":"/api/extract-document","status":422,"latency_ms":1.14,"client":"testclient"}
{"ts":"2026-09-13T12:55:32.684Z","level":"INFO","logger":"overlay.server","msg":"request completed","service":"axiom-grid-overlay","request_id":"dbc051a3b96640df99327dc2a282631a","path":"/api/extract-document","status":422,"latency_ms":14.21,"client":"testclient"}
{"ts":"2026-09-13T12:55:32.686Z","level":"INFO","logger":"overlay.server","msg":"request completed","service":"axiom-grid-overlay","request_id":"ce1c3f42a2814d55a7f26f78d7bd715d","path":"/api/extract-document","status":422,"latency_ms":4.27,"client":"testclient"}
{"ts":"2026-09-13T12:55:32.687Z","level":"INFO","logger":"httpx2","msg":"HTTP Request: POST http://testserver/api/extract-document \"HTTP/1.1 422 Unprocessable Entity\"","service":"axiom-grid-overlay"}
{"ts":"2026-09-13T12:55:32.688Z","level":"INFO","logger":"httpx2","msg":"HTTP Request: POST http://testserver/api/extract-document \"HTTP/1.1 422 Unprocessable Entity\"","service":"axiom-grid-overlay"}
{"ts":"2026-09-13T12:55:32.690Z","level":"INFO","logger":"overlay.server","msg":"request completed","service":"axiom-grid-overlay","request_id":"2aa9cbe9463d4ae8910a586bdc02ef46","path":"/api/extract-document","status":422,"latency_ms":1.18,"client":"testclient"}
{"ts":"2026-09-13T12:55:32.691Z","level":"INFO","logger":"httpx2","msg":"HTTP Request: POST http://testserver/api/extract-document \"HTTP/1.1 422 Unprocessable Entity\"","service":"axiom-grid-overlay"}
{"ts":"2026-09-13T12:55:32.693Z","level":"INFO","logger":"overlay.server","msg":"request completed","service":"axiom-grid-overlay","request_id":"d75b114a497848088df44c35e183c3d9","path":"/api/extract-document","status":422,"latency_ms":1.19,"client":"testclient"}
{"ts":"2026-09-13T12:55:32.694Z","level":"INFO","logger":"httpx2","msg":"HTTP Request: POST http://testserver/api/extract-document \"HTTP/1.1 422 Unprocessable Entity\"","service":"axiom-grid-overlay"}
{"ts":"2026-09-13T12:55:32.695Z","level":"INFO","logger":"httpx2","msg":"HTTP Request: POST http://testserver/api/extract-document \"HTTP/1.1 422 Unprocessable Entity\"","service":"axiom-grid-overlay"}
{"ts":"2026-09-13T12:55:32.696Z","level":"INFO","logger":"httpx2","msg":"HTTP Request: POST http://testserver/api/extract-document \"HTTP/1.1 422 Unprocessable Entity\"","service":"axiom-grid-overlay"}
{"ts":"2026-09-13T12:55:32.699Z","level":"INFO","logger":"httpx2","msg":"HTTP Request: POST http://testserver/api/extract-document \"HTTP/1.1 422 Unprocessable Entity\"","service":"axiom-grid-overlay"}
{"ts":"2026-09-13T12:55:32.700Z","level":"INFO","logger":"httpx2","msg":"HTTP Request: POST http://testserver/api/extract-document \"HTTP/1.1 422 Unprocessable Entity\"","service":"axiom-grid-overlay"}
{"ts":"2026-09-13T12:55:32.702Z","level":"INFO","logger":"overlay.server","msg":"request completed","service":"axiom-grid-overlay","request_id":"21209725f97345168d2c371a559a14af","path":"/api/extract-document","status":422,"latency_ms":1.2,"client":"testclient"}
{"ts":"2026-09-13T12:55:32.703Z","level":"INFO","logger":"overlay.server","msg":"request completed","service":"axiom-grid-overlay","request_id":"36c1f5cb77934cb09a8377e5d1d17825","path":"/api/extract-document","status":422,"latency_ms":0.95,"client":"testclient"}
{"ts":"2026-09-13T12:55:32.705Z","level":"INFO","logger":"overlay.server","msg":"request completed","service":"axiom-grid-overlay","request_id":"c444e9197aa84e8ab9b923d82c0728f1","path":"/api/extract-document","status":422,"latency_ms":8.54,"client":"testclient"}
{"ts":"2026-09-13T12:55:32.708Z","level":"INFO","logger":"overlay.server","msg":"request completed","service":"axiom-grid-overlay","request_id":"627a56ce9cd24288a52007760882d431","path":"/api/extract-document","status":422,"latency_ms":1.55,"client":"testclient"}
{"ts":"2026-09-13T12:55:32.710Z","level":"INFO","logger":"overlay.server","msg":"request completed","service":"axiom-grid-overlay","request_id":"c455076333784e36b23f6f0af5b4a399","path":"/api/extract-document","status":422,"latency_ms":5.6,"client":"testclient"}
{"ts":"2026-09-13T12:55:32.712Z","level":"INFO","logger":"httpx2","msg":"HTTP Request: POST http://testserver/api/extract-document \"HTTP/1.1 422 Unprocessable Entity\"","service":"axiom-grid-overlay"}
{"ts":"2026-09-13T12:55:32.713Z","level":"INFO","logger":"httpx2","msg":"HTTP Request: POST http://testserver/api/extract-document \"HTTP/1.1 422 Unprocessable Entity\"","service":"axiom-grid-overlay"}
{"ts":"2026-09-13T12:55:32.714Z","level":"INFO","logger":"httpx2","msg":"HTTP Request: POST http://testserver/api/extract-document \"HTTP/1.1 422 Unprocessable Entity\"","service":"axiom-grid-overlay"}
{"ts":"2026-09-13T12:55:32.717Z","level":"INFO","logger":"overlay.server","msg":"request completed","service":"axiom-grid-overlay","request_id":"1ccd37aa917d4ce4b671c43f1487511e","path":"/api/extract-document","status":422,"latency_ms":5.26,"client":"testclient"}
{"ts":"2026-09-13T12:55:32.718Z","level":"WARNING","logger":"kairo.context.compressor","msg":"Compression engine unavailable (No module named 'headroom'), using passthrough fallback","service":"axiom-grid-overlay"}
{"ts":"2026-09-13T12:55:32.719Z","level":"INFO","logger":"httpx2","msg":"HTTP Request: POST http://testserver/api/extract-document \"HTTP/1.1 422 Unprocessable Entity\"","service":"axiom-grid-overlay"}
{"ts":"2026-09-13T12:55:32.721Z","level":"INFO","logger":"overlay.server","msg":"request completed","service":"axiom-grid-overlay","request_id":"75e803f74ed9458c9808eb5be41e4841","path":"/api/extract-document","status":422,"latency_ms":1.2,"client":"testclient"}
{"ts":"2026-09-13T12:55:32.723Z","level":"INFO","logger":"httpx2","msg":"HTTP Request: POST http://testserver/api/extract-document \"HTTP/1.1 422 Unprocessable Entity\"","service":"axiom-grid-overlay"}
{"ts":"2026-09-13T12:55:32.724Z","level":"INFO","logger":"overlay.server","msg":"request completed","service":"axiom-grid-overlay","request_id":"ec78aca5da404bf4865f67ae649412bb","path":"/api/extract-document","status":422,"latency_ms":8.06,"client":"testclient"}
{"ts":"2026-09-13T12:55:32.726Z","level":"INFO","logger":"httpx2","msg":"HTTP Request: POST http://testserver/api/extract-document \"HTTP/1.1 422 Unprocessable Entity\"","service":"axiom-grid-overlay"}
{"ts":"2026-09-13T12:55:32.727Z","level":"INFO","logger":"overlay.server","msg":"request completed","service":"axiom-grid-overlay","request_id":"e797c9c475dd45f3839d6410040c1e81","path":"/api/extract-document","status":422,"latency_ms":2.59,"client":"testclient"}
{"ts":"2026-09-13T12:55:32.728Z","level":"INFO","logger":"kairo.context.compressor","msg":"Compressed 13 chunks -> 13 (206 -> 206 tokens, 0.0% reduction)","service":"axiom-grid-overlay"}
{"ts":"2026-09-13T12:55:32.733Z","level":"INFO","logger":"httpx2","msg":"HTTP Request: POST http://testserver/api/extract-document \"HTTP/1.1 422 Unprocessable Entity\"","service":"axiom-grid-overlay"}
{"ts":"2026-09-13T12:55:32.734Z","level":"INFO","logger":"httpx2","msg":"HTTP Request: POST http://testserver/api/extract-document \"HTTP/1.1 422 Unprocessable Entity\"","service":"axiom-grid-overlay"}
{"ts":"2026-09-13T12:55:32.735Z","level":"INFO","logger":"overlay.server","msg":"request completed","service":"axiom-grid-overlay","request_id":"2574615c2f0b4ceaa52aa4375ac0fc10","path":"/api/extract-document","status":422,"latency_ms":3.56,"client":"testclient"}
{"ts":"2026-09-13T12:55:32.738Z","level":"INFO","logger":"overlay.server","msg":"request completed","service":"axiom-grid-overlay","request_id":"929c59b34e97463bae82635b9bc7f327","path":"/api/extract-document","status":422,"latency_ms":1.07,"client":"testclient"}
{"ts":"2026-09-13T12:55:32.739Z","level":"INFO","logger":"httpx2","msg":"HTTP Request: POST http://testserver/api/extract-document \"HTTP/1.1 422 Unprocessable Entity\"","service":"axiom-grid-overlay"}
{"ts":"2026-09-13T12:55:32.740Z","level":"INFO","logger":"overlay.server","msg":"request completed","service":"axiom-grid-overlay","request_id":"dee4fc5ffd184aa1b6af7c0fb88c85e0","path":"/api/extract-document","status":422,"latency_ms":4.65,"client":"testclient"}
{"ts":"2026-09-13T12:55:32.743Z","level":"INFO","logger":"overlay.server","msg":"request completed","service":"axiom-grid-overlay","request_id":"1a75bd0c31d6483ab41d5ac2aaf44e9b","path":"/api/extract-document","status":422,"latency_ms":12.55,"client":"testclient"}
{"ts":"2026-09-13T12:55:32.744Z","level":"INFO","logger":"overlay.server","msg":"request completed","service":"axiom-grid-overlay","request_id":"f50d3585a8ea4edebc070baefd89dffa","path":"/api/extract-document","status":422,"latency_ms":2.27,"client":"testclient"}
{"ts":"2026-09-13T12:55:32.745Z","level":"INFO","logger":"httpx2","msg":"HTTP Request: POST http://testserver/api/extract-document \"HTTP/1.1 422 Unprocessable Entity\"","service":"axiom-grid-overlay"}
{"ts":"2026-09-13T12:55:32.746Z","level":"INFO","logger":"httpx2","msg":"HTTP Request: POST http://testserver/api/extract-document \"HTTP/1.1 422 Unprocessable Entity\"","service":"axiom-grid-overlay"}
{"ts":"2026-09-13T12:55:32.747Z","level":"INFO","logger":"httpx2","msg":"HTTP Request: POST http://testserver/api/extract-document \"HTTP/1.1 422 Unprocessable Entity\"","service":"axiom-grid-overlay"}
{"ts":"2026-09-13T12:55:32.747Z","level":"INFO","logger":"httpx2","msg":"HTTP Request: POST http://testserver/api/extract-document \"HTTP/1.1 422 Unprocessable Entity\"","service":"axiom-grid-overlay"}
{"ts":"2026-09-13T12:55:32.751Z","level":"INFO","logger":"httpx2","msg":"HTTP Request: POST http://testserver/api/extract-document \"HTTP/1.1 422 Unprocessable Entity\"","service":"axiom-grid-overlay"}
{"ts":"2026-09-13T12:55:32.755Z","level":"INFO","logger":"overlay.server","msg":"request completed","service":"axiom-grid-overlay","request_id":"c74476c739dc42cc827452ccb8360f54","path":"/api/extract-document","status":422,"latency_ms":3.62,"client":"testclient"}
{"ts":"2026-09-13T12:55:32.757Z","level":"INFO","logger":"overlay.server","msg":"request completed","service":"axiom-grid-overlay","request_id":"d5ced952b8e149c79042eb1cfae7e2a8","path":"/api/extract-document","status":422,"latency_ms":7.53,"client":"testclient"}
{"ts":"2026-09-13T12:55:32.758Z","level":"INFO","logger":"overlay.server","msg":"request completed","service":"axiom-grid-overlay","request_id":"b24d198c533c4ca994924f7928faf030","path":"/api/extract-document","status":422,"latency_ms":8.0,"client":"testclient"}
{"ts":"2026-09-13T12:55:32.760Z","level":"INFO","logger":"overlay.server","msg":"request completed","service":"axiom-grid-overlay","request_id":"505df94c465746d486069573fb112705","path":"/api/extract-document","status":422,"latency_ms":5.81,"client":"testclient"}
{"ts":"2026-09-13T12:55:32.763Z","level":"INFO","logger":"overlay.server","msg":"request completed","service":"axiom-grid-overlay","request_id":"6dc995af4bd64102b5298a7b89a5d429","path":"/api/extract-document","status":422,"latency_ms":4.26,"client":"testclient"}
{"ts":"2026-09-13T12:55:32.765Z","level":"INFO","logger":"overlay.server","msg":"request completed","service":"axiom-grid-overlay","request_id":"974023739a024798a420dddde2c4b5f0","path":"/api/extract-document","status":422,"latency_ms":3.37,"client":"testclient"}
{"ts":"2026-09-13T12:55:32.767Z","level":"INFO","logger":"overlay.server","msg":"request completed","service":"axiom-grid-overlay","request_id":"fcc96d273b60477cbfb4960e2548a082","path":"/api/extract-document","status":422,"latency_ms":5.14,"client":"testclient"}
{"ts":"2026-09-13T12:55:32.768Z","level":"INFO","logger":"httpx2","msg":"HTTP Request: POST http://testserver/api/extract-document \"HTTP/1.1 422 Unprocessable Entity\"","service":"axiom-grid-overlay"}
{"ts":"2026-09-13T12:55:32.768Z","level":"INFO","logger":"kernel.sidecar.ingestor","msg":"Ingested sample_memo_01.txt: 13 chunks, 1 pages, sha256=2cee63241b4f234c","service":"axiom-grid-overlay"}
{"ts":"2026-09-13T12:55:32.769Z","level":"INFO","logger":"httpx2","msg":"HTTP Request: POST http://testserver/api/extract-document \"HTTP/1.1 422 Unprocessable Entity\"","service":"axiom-grid-overlay"}
{"ts":"2026-09-13T12:55:32.770Z","level":"INFO","logger":"httpx2","msg":"HTTP Request: POST http://testserver/api/extract-document \"HTTP/1.1 422 Unprocessable Entity\"","service":"axiom-grid-overlay"}
{"ts":"2026-09-13T12:55:32.771Z","level":"INFO","logger":"overlay.server","msg":"request completed","service":"axiom-grid-overlay","request_id":"bf742c6a2edf42f29c7b1a7acda6d611","path":"/api/extract-document","status":422,"latency_ms":7.67,"client":"testclient"}
{"ts":"2026-09-13T12:55:32.771Z","level":"INFO","logger":"httpx2","msg":"HTTP Request: POST http://testserver/api/extract-document \"HTTP/1.1 422 Unprocessable Entity\"","service":"axiom-grid-overlay"}
{"ts":"2026-09-13T12:55:32.772Z","level":"INFO","logger":"overlay.server","msg":"request completed","service":"axiom-grid-overlay","request_id":"594243dc1f704d8d9b9a703d8ae05800","path":"/demo","status":200,"latency_ms":984.67,"client":"testclient"}
{"ts":"2026-09-13T12:55:32.774Z","level":"INFO","logger":"httpx2","msg":"HTTP Request: POST http://testserver/api/extract-document \"HTTP/1.1 422 Unprocessable Entity\"","service":"axiom-grid-overlay"}
{"ts":"2026-09-13T12:55:32.774Z","level":"INFO","logger":"httpx2","msg":"HTTP Request: POST http://testserver/api/extract-document \"HTTP/1.1 422 Unprocessable Entity\"","service":"axiom-grid-overlay"}
{"ts":"2026-09-13T12:55:32.775Z","level":"INFO","logger":"httpx2","msg":"HTTP Request: POST http://testserver/api/extract-document \"HTTP/1.1 422 Unprocessable Entity\"","service":"axiom-grid-overlay"}
{"ts":"2026-09-13T12:55:32.776Z","level":"INFO","logger":"httpx2","msg":"HTTP Request: POST http://testserver/api/extract-document \"HTTP/1.1 422 Unprocessable Entity\"","service":"axiom-grid-overlay"}
{"ts":"2026-09-13T12:55:32.778Z","level":"INFO","logger":"overlay.server","msg":"request completed","service":"axiom-grid-overlay","request_id":"eaeb2e85d879480e978b22cde72ce4ba","path":"/api/extract-document","status":422,"latency_ms":1.13,"client":"testclient"}
{"ts":"2026-09-13T12:55:32.781Z","level":"INFO","logger":"overlay.server","msg":"request completed","service":"axiom-grid-overlay","request_id":"aa67a6ee342d483c8db19dc818c4636e","path":"/api/extract-document","status":422,"latency_ms":2.47,"client":"testclient"}
{"ts":"2026-09-13T12:55:32.782Z","level":"INFO","logger":"httpx2","msg":"HTTP Request: POST http://testserver/api/extract-document \"HTTP/1.1 422 Unprocessable Entity\"","service":"axiom-grid-overlay"}
{"ts":"2026-09-13T12:55:32.786Z","level":"INFO","logger":"overlay.server","msg":"request completed","service":"axiom-grid-overlay","request_id":"c6a8fabf6b714abe9261c8b8af2c577f","path":"/api/extract-document","status":422,"latency_ms":1.02,"client":"testclient"}
{"ts":"2026-09-13T12:55:32.787Z","level":"INFO","logger":"overlay.server","msg":"request completed","service":"axiom-grid-overlay","request_id":"b4e22f5d5c2445dbbecab19fd806e36f","path":"/api/extract-document","status":422,"latency_ms":4.31,"client":"testclient"}
{"ts":"2026-09-13T12:55:32.790Z","level":"INFO","logger":"overlay.server","msg":"request completed","service":"axiom-grid-overlay","request_id":"61371d0108234aa1ab1e388d0571f1e3","path":"/api/extract-document","status":422,"latency_ms":2.46,"client":"testclient"}
{"ts":"2026-09-13T12:55:32.792Z","level":"INFO","logger":"overlay.server","msg":"request completed","service":"axiom-grid-overlay","request_id":"5137af2b483d411181fb7344b7d4c766","path":"/api/extract-document","status":422,"latency_ms":1.14,"client":"testclient"}
{"ts":"2026-09-13T12:55:32.793Z","level":"INFO","logger":"httpx2","msg":"HTTP Request: POST http://testserver/api/extract-document \"HTTP/1.1 422 Unprocessable Entity\"","service":"axiom-grid-overlay"}
{"ts":"2026-09-13T12:55:32.794Z","level":"INFO","logger":"httpx2","msg":"HTTP Request: POST http://testserver/demo \"HTTP/1.1 200 OK\"","service":"axiom-grid-overlay"}
{"ts":"2026-09-13T12:55:32.795Z","level":"INFO","logger":"httpx2","msg":"HTTP Request: POST http://testserver/api/extract-document \"HTTP/1.1 422 Unprocessable Entity\"","service":"axiom-grid-overlay"}
{"ts":"2026-09-13T12:55:32.798Z","level":"INFO","logger":"overlay.server","msg":"request completed","service":"axiom-grid-overlay","request_id":"05ed45ea35db4954b689202f69eda2ac","path":"/api/extract-document","status":422,"latency_ms":1.97,"client":"testclient"}
{"ts":"2026-09-13T12:55:32.799Z","level":"INFO","logger":"httpx2","msg":"HTTP Request: POST http://testserver/api/extract-document \"HTTP/1.1 422 Unprocessable Entity\"","service":"axiom-grid-overlay"}
{"ts":"2026-09-13T12:55:32.801Z","level":"INFO","logger":"overlay.server","msg":"request completed","service":"axiom-grid-overlay","request_id":"75352f267a474591b1d158e2019a7298","path":"/api/extract-document","status":422,"latency_ms":7.04,"client":"testclient"}
{"ts":"2026-09-13T12:55:32.802Z","level":"INFO","logger":"httpx2","msg":"HTTP Request: POST http://testserver/api/extract-document \"HTTP/1.1 422 Unprocessable Entity\"","service":"axiom-grid-overlay"}
{"ts":"2026-09-13T12:55:32.804Z","level":"INFO","logger":"overlay.server","msg":"request completed","service":"axiom-grid-overlay","request_id":"96d706e5962142be9fb13f3a4a0c9200","path":"/api/extract-document","status":422,"latency_ms":1.12,"client":"testclient"}
{"ts":"2026-09-13T12:55:32.805Z","level":"INFO","logger":"httpx2","msg":"HTTP Request: POST http://testserver/api/extract-document \"HTTP/1.1 422 Unprocessable Entity\"","service":"axiom-grid-overlay"}
{"ts":"2026-09-13T12:55:32.805Z","level":"INFO","logger":"overlay.server","msg":"request completed","service":"axiom-grid-overlay","request_id":"fda431db6bf24153a4649d3fe02c2211","path":"/api/extract-document","status":422,"latency_ms":5.26,"client":"testclient"}
{"ts":"2026-09-13T12:55:32.807Z","level":"INFO","logger":"httpx2","msg":"HTTP Request: POST http://testserver/api/extract-document \"HTTP/1.1 422 Unprocessable Entity\"","service":"axiom-grid-overlay"}
{"ts":"2026-09-13T12:55:32.810Z","level":"INFO","logger":"overlay.server","msg":"request completed","service":"axiom-grid-overlay","request_id":"f6e20744ae8146109f6fea9da6f78745","path":"/api/extract-document","status":422,"latency_ms":1.9,"client":"testclient"}
{"ts":"2026-09-13T12:55:32.811Z","level":"INFO","logger":"httpx2","msg":"HTTP Request: POST http://testserver/api/extract-document \"HTTP/1.1 422 Unprocessable Entity\"","service":"axiom-grid-overlay"}
{"ts":"2026-09-13T12:55:32.813Z","level":"INFO","logger":"httpx2","msg":"HTTP Request: POST http://testserver/api/extract-document \"HTTP/1.1 422 Unprocessable Entity\"","service":"axiom-grid-overlay"}
{"ts":"2026-09-13T12:55:32.814Z","level":"INFO","logger":"httpx2","msg":"HTTP Request: POST http://testserver/api/extract-document \"HTTP/1.1 422 Unprocessable Entity\"","service":"axiom-grid-overlay"}
{"ts":"2026-09-13T12:55:32.814Z","level":"INFO","logger":"httpx2","msg":"HTTP Request: POST http://testserver/api/extract-document \"HTTP/1.1 429 Too Many Requests\"","service":"axiom-grid-overlay"}
{"ts":"2026-09-13T12:55:32.815Z","level":"INFO","logger":"httpx2","msg":"HTTP Request: POST http://testserver/api/extract-document \"HTTP/1.1 422 Unprocessable Entity\"","service":"axiom-grid-overlay"}
{"ts":"2026-09-13T12:55:32.816Z","level":"INFO","logger":"httpx2","msg":"HTTP Request: POST http://testserver/api/extract-document \"HTTP/1.1 429 Too Many Requests\"","service":"axiom-grid-overlay"}
{"ts":"2026-09-13T12:55:32.817Z","level":"INFO","logger":"httpx2","msg":"HTTP Request: POST http://testserver/api/extract-document \"HTTP/1.1 429 Too Many Requests\"","service":"axiom-grid-overlay"}
{"ts":"2026-09-13T12:55:32.818Z","level":"INFO","logger":"httpx2","msg":"HTTP Request: POST http://testserver/api/extract-document \"HTTP/1.1 429 Too Many Requests\"","service":"axiom-grid-overlay"}
{"ts":"2026-09-13T12:55:32.822Z","level":"INFO","logger":"httpx2","msg":"HTTP Request: POST http://testserver/api/extract-document \"HTTP/1.1 429 Too Many Requests\"","service":"axiom-grid-overlay"}
{"ts":"2026-09-13T12:55:32.823Z","level":"INFO","logger":"httpx2","msg":"HTTP Request: POST http://testserver/api/extract-document \"HTTP/1.1 429 Too Many Requests\"","service":"axiom-grid-overlay"}
{"ts":"2026-09-13T12:55:32.825Z","level":"INFO","logger":"httpx2","msg":"HTTP Request: POST http://testserver/api/extract-document \"HTTP/1.1 429 Too Many Requests\"","service":"axiom-grid-overlay"}
{"ts":"2026-09-13T12:55:32.825Z","level":"INFO","logger":"httpx2","msg":"HTTP Request: POST http://testserver/api/extract-document \"HTTP/1.1 429 Too Many Requests\"","service":"axiom-grid-overlay"}
{"ts":"2026-09-13T12:55:32.826Z","level":"INFO","logger":"httpx2","msg":"HTTP Request: POST http://testserver/api/extract-document \"HTTP/1.1 429 Too Many Requests\"","service":"axiom-grid-overlay"}
{"ts":"2026-09-13T12:55:32.826Z","level":"INFO","logger":"httpx2","msg":"HTTP Request: POST http://testserver/api/extract-document \"HTTP/1.1 429 Too Many Requests\"","service":"axiom-grid-overlay"}
{"ts":"2026-09-13T12:55:32.827Z","level":"INFO","logger":"httpx2","msg":"HTTP Request: POST http://testserver/api/extract-document \"HTTP/1.1 429 Too Many Requests\"","service":"axiom-grid-overlay"}
{"ts":"2026-09-13T12:55:32.828Z","level":"INFO","logger":"httpx2","msg":"HTTP Request: POST http://testserver/api/extract-document \"HTTP/1.1 429 Too Many Requests\"","service":"axiom-grid-overlay"}
{"ts":"2026-09-13T12:55:32.829Z","level":"INFO","logger":"httpx2","msg":"HTTP Request: POST http://testserver/api/extract-document \"HTTP/1.1 429 Too Many Requests\"","service":"axiom-grid-overlay"}
{"ts":"2026-09-13T12:55:32.829Z","level":"INFO","logger":"httpx2","msg":"HTTP Request: POST http://testserver/api/extract-document \"HTTP/1.1 429 Too Many Requests\"","service":"axiom-grid-overlay"}
{"ts":"2026-09-13T12:55:32.830Z","level":"INFO","logger":"httpx2","msg":"HTTP Request: POST http://testserver/api/extract-document \"HTTP/1.1 429 Too Many Requests\"","service":"axiom-grid-overlay"}
{"ts":"2026-09-13T12:55:32.831Z","level":"INFO","logger":"httpx2","msg":"HTTP Request: POST http://testserver/api/extract-document \"HTTP/1.1 429 Too Many Requests\"","service":"axiom-grid-overlay"}
{"ts":"2026-09-13T12:55:32.833Z","level":"WARNING","logger":"kairo.context.compressor","msg":"Compression engine unavailable (No module named 'headroom'), using passthrough fallback","service":"axiom-grid-overlay"}
{"ts":"2026-09-13T12:55:32.834Z","level":"INFO","logger":"kairo.context.compressor","msg":"Compressed 13 chunks -> 13 (206 -> 206 tokens, 0.0% reduction)","service":"axiom-grid-overlay"}
{"ts":"2026-09-13T12:55:32.837Z","level":"INFO","logger":"overlay.server","msg":"request completed","service":"axiom-grid-overlay","request_id":"66f84ba57c5d42549ee26e34bee35c1a","path":"/demo","status":200,"latency_ms":1038.29,"client":"testclient"}
{"ts":"2026-09-13T12:55:32.838Z","level":"INFO","logger":"kernel.sidecar.ingestor","msg":"Ingested sample_memo_01.txt: 13 chunks, 1 pages, sha256=2cee63241b4f234c","service":"axiom-grid-overlay"}
{"ts":"2026-09-13T12:55:32.839Z","level":"INFO","logger":"httpx2","msg":"HTTP Request: POST http://testserver/demo \"HTTP/1.1 200 OK\"","service":"axiom-grid-overlay"}
{"ts":"2026-09-13T12:55:32.845Z","level":"WARNING","logger":"kairo.context.compressor","msg":"Compression engine unavailable (No module named 'headroom'), using passthrough fallback","service":"axiom-grid-overlay"}
{"ts":"2026-09-13T12:55:32.846Z","level":"INFO","logger":"kairo.context.compressor","msg":"Compressed 13 chunks -> 13 (206 -> 206 tokens, 0.0% reduction)","service":"axiom-grid-overlay"}
{"ts":"2026-09-13T12:55:32.849Z","level":"INFO","logger":"overlay.server","msg":"request completed","service":"axiom-grid-overlay","request_id":"a92bd3a50156419db652ab19b3f0dd96","path":"/demo","status":200,"latency_ms":1035.77,"client":"testclient"}
{"ts":"2026-09-13T12:55:32.850Z","level":"INFO","logger":"kernel.sidecar.ingestor","msg":"Ingested sample_memo_01.txt: 13 chunks, 1 pages, sha256=2cee63241b4f234c","service":"axiom-grid-overlay"}
{"ts":"2026-09-13T12:55:32.851Z","level":"INFO","logger":"httpx2","msg":"HTTP Request: POST http://testserver/demo \"HTTP/1.1 200 OK\"","service":"axiom-grid-overlay"}
{"ts":"2026-09-13T12:55:32.858Z","level":"WARNING","logger":"kairo.context.compressor","msg":"Compression engine unavailable (No module named 'headroom'), using passthrough fallback","service":"axiom-grid-overlay"}
{"ts":"2026-09-13T12:55:32.858Z","level":"INFO","logger":"kairo.context.compressor","msg":"Compressed 13 chunks -> 13 (206 -> 206 tokens, 0.0% reduction)","service":"axiom-grid-overlay"}
{"ts":"2026-09-13T12:55:32.861Z","level":"INFO","logger":"overlay.server","msg":"request completed","service":"axiom-grid-overlay","request_id":"c136bf472f874042b3a05e04bab4a9c2","path":"/demo","status":200,"latency_ms":1035.96,"client":"testclient"}
{"ts":"2026-09-13T12:55:32.862Z","level":"INFO","logger":"kernel.sidecar.ingestor","msg":"Ingested sample_memo_01.txt: 13 chunks, 1 pages, sha256=2cee63241b4f234c","service":"axiom-grid-overlay"}
{"ts":"2026-09-13T12:55:32.863Z","level":"INFO","logger":"httpx2","msg":"HTTP Request: POST http://testserver/demo \"HTTP/1.1 200 OK\"","service":"axiom-grid-overlay"}
{"ts":"2026-09-13T12:55:32.869Z","level":"WARNING","logger":"kairo.context.compressor","msg":"Compression engine unavailable (No module named 'headroom'), using passthrough fallback","service":"axiom-grid-overlay"}
{"ts":"2026-09-13T12:55:32.870Z","level":"INFO","logger":"kairo.context.compressor","msg":"Compressed 13 chunks -> 13 (206 -> 206 tokens, 0.0% reduction)","service":"axiom-grid-overlay"}
{"ts":"2026-09-13T12:55:32.874Z","level":"INFO","logger":"overlay.server","msg":"request completed","service":"axiom-grid-overlay","request_id":"b43048db0eb4457d9499c3a8f5495a54","path":"/demo","status":200,"latency_ms":1035.59,"client":"testclient"}
{"ts":"2026-09-13T12:55:32.875Z","level":"INFO","logger":"kernel.sidecar.ingestor","msg":"Ingested sample_memo_01.txt: 13 chunks, 1 pages, sha256=2cee63241b4f234c","service":"axiom-grid-overlay"}
{"ts":"2026-09-13T12:55:32.875Z","level":"INFO","logger":"httpx2","msg":"HTTP Request: POST http://testserver/demo \"HTTP/1.1 200 OK\"","service":"axiom-grid-overlay"}
{"ts":"2026-09-13T12:55:32.884Z","level":"WARNING","logger":"kairo.context.compressor","msg":"Compression engine unavailable (No module named 'headroom'), using passthrough fallback","service":"axiom-grid-overlay"}
{"ts":"2026-09-13T12:55:32.884Z","level":"INFO","logger":"kairo.context.compressor","msg":"Compressed 13 chunks -> 13 (206 -> 206 tokens, 0.0% reduction)","service":"axiom-grid-overlay"}
{"ts":"2026-09-13T12:55:32.888Z","level":"INFO","logger":"overlay.server","msg":"request completed","service":"axiom-grid-overlay","request_id":"3d4735dad45745daa79b0ce3e41f964a","path":"/demo","status":200,"latency_ms":1037.8,"client":"testclient"}
{"ts":"2026-09-13T12:55:32.889Z","level":"INFO","logger":"kernel.sidecar.ingestor","msg":"Ingested sample_memo_01.txt: 13 chunks, 1 pages, sha256=2cee63241b4f234c","service":"axiom-grid-overlay"}
{"ts":"2026-09-13T12:55:32.890Z","level":"INFO","logger":"httpx2","msg":"HTTP Request: POST http://testserver/demo \"HTTP/1.1 200 OK\"","service":"axiom-grid-overlay"}
{"ts":"2026-09-13T12:55:32.896Z","level":"WARNING","logger":"kairo.context.compressor","msg":"Compression engine unavailable (No module named 'headroom'), using passthrough fallback","service":"axiom-grid-overlay"}
{"ts":"2026-09-13T12:55:32.897Z","level":"INFO","logger":"kairo.context.compressor","msg":"Compressed 13 chunks -> 13 (206 -> 206 tokens, 0.0% reduction)","service":"axiom-grid-overlay"}
{"ts":"2026-09-13T12:55:32.900Z","level":"INFO","logger":"overlay.server","msg":"request completed","service":"axiom-grid-overlay","request_id":"4ad8b485294244a0b8b5b8d206c147c5","path":"/demo","status":200,"latency_ms":1035.76,"client":"testclient"}
{"ts":"2026-09-13T12:55:32.901Z","level":"INFO","logger":"kernel.sidecar.ingestor","msg":"Ingested sample_memo_01.txt: 13 chunks, 1 pages, sha256=2cee63241b4f234c","service":"axiom-grid-overlay"}
{"ts":"2026-09-13T12:55:32.902Z","level":"INFO","logger":"httpx2","msg":"HTTP Request: POST http://testserver/demo \"HTTP/1.1 200 OK\"","service":"axiom-grid-overlay"}
{"ts":"2026-09-13T12:55:32.908Z","level":"WARNING","logger":"kairo.context.compressor","msg":"Compression engine unavailable (No module named 'headroom'), using passthrough fallback","service":"axiom-grid-overlay"}
{"ts":"2026-09-13T12:55:32.908Z","level":"INFO","logger":"kairo.context.compressor","msg":"Compressed 13 chunks -> 13 (206 -> 206 tokens, 0.0% reduction)","service":"axiom-grid-overlay"}
{"ts":"2026-09-13T12:55:32.911Z","level":"INFO","logger":"overlay.server","msg":"request completed","service":"axiom-grid-overlay","request_id":"af587bd7b3394f488ebb0ec7c96851c9","path":"/demo","status":200,"latency_ms":1031.54,"client":"testclient"}
{"ts":"2026-09-13T12:55:32.912Z","level":"INFO","logger":"kernel.sidecar.ingestor","msg":"Ingested sample_memo_01.txt: 13 chunks, 1 pages, sha256=2cee63241b4f234c","service":"axiom-grid-overlay"}
{"ts":"2026-09-13T12:55:32.913Z","level":"INFO","logger":"httpx2","msg":"HTTP Request: POST http://testserver/demo \"HTTP/1.1 200 OK\"","service":"axiom-grid-overlay"}
{"ts":"2026-09-13T12:55:32.919Z","level":"WARNING","logger":"kairo.context.compressor","msg":"Compression engine unavailable (No module named 'headroom'), using passthrough fallback","service":"axiom-grid-overlay"}
{"ts":"2026-09-13T12:55:32.920Z","level":"INFO","logger":"kairo.context.compressor","msg":"Compressed 13 chunks -> 13 (206 -> 206 tokens, 0.0% reduction)","service":"axiom-grid-overlay"}
{"ts":"2026-09-13T12:55:32.923Z","level":"INFO","logger":"overlay.server","msg":"request completed","service":"axiom-grid-overlay","request_id":"7b172165548a48c1a3dae5151af595e9","path":"/demo","status":200,"latency_ms":1031.3,"client":"testclient"}
{"ts":"2026-09-13T12:55:32.924Z","level":"INFO","logger":"kernel.sidecar.ingestor","msg":"Ingested sample_memo_01.txt: 13 chunks, 1 pages, sha256=2cee63241b4f234c","service":"axiom-grid-overlay"}
{"ts":"2026-09-13T12:55:32.925Z","level":"INFO","logger":"httpx2","msg":"HTTP Request: POST http://testserver/demo \"HTTP/1.1 200 OK\"","service":"axiom-grid-overlay"}
{"ts":"2026-09-13T12:55:32.932Z","level":"WARNING","logger":"kairo.context.compressor","msg":"Compression engine unavailable (No module named 'headroom'), using passthrough fallback","service":"axiom-grid-overlay"}
{"ts":"2026-09-13T12:55:32.933Z","level":"INFO","logger":"kairo.context.compressor","msg":"Compressed 13 chunks -> 13 (206 -> 206 tokens, 0.0% reduction)","service":"axiom-grid-overlay"}
{"ts":"2026-09-13T12:55:32.936Z","level":"INFO","logger":"overlay.server","msg":"request completed","service":"axiom-grid-overlay","request_id":"81fb9165ad6048628b9949720c989f38","path":"/demo","status":200,"latency_ms":1031.12,"client":"testclient"}
{"ts":"2026-09-13T12:55:32.937Z","level":"INFO","logger":"kernel.sidecar.ingestor","msg":"Ingested sample_memo_01.txt: 13 chunks, 1 pages, sha256=2cee63241b4f234c","service":"axiom-grid-overlay"}
{"ts":"2026-09-13T12:55:32.938Z","level":"INFO","logger":"httpx2","msg":"HTTP Request: POST http://testserver/demo \"HTTP/1.1 200 OK\"","service":"axiom-grid-overlay"}
{"ts":"2026-09-13T12:55:32.944Z","level":"WARNING","logger":"kairo.context.compressor","msg":"Compression engine unavailable (No module named 'headroom'), using passthrough fallback","service":"axiom-grid-overlay"}
{"ts":"2026-09-13T12:55:32.945Z","level":"INFO","logger":"kairo.context.compressor","msg":"Compressed 13 chunks -> 13 (206 -> 206 tokens, 0.0% reduction)","service":"axiom-grid-overlay"}
{"ts":"2026-09-13T12:55:32.948Z","level":"INFO","logger":"overlay.server","msg":"request completed","service":"axiom-grid-overlay","request_id":"9b5f29fc1262423abad0691fcd5b9f8b","path":"/demo","status":200,"latency_ms":1025.82,"client":"testclient"}
{"ts":"2026-09-13T12:55:32.949Z","level":"INFO","logger":"kernel.sidecar.ingestor","msg":"Ingested sample_memo_01.txt: 13 chunks, 1 pages, sha256=2cee63241b4f234c","service":"axiom-grid-overlay"}
{"ts":"2026-09-13T12:55:32.950Z","level":"INFO","logger":"httpx2","msg":"HTTP Request: POST http://testserver/demo \"HTTP/1.1 200 OK\"","service":"axiom-grid-overlay"}
{"ts":"2026-09-13T12:55:32.956Z","level":"WARNING","logger":"kairo.context.compressor","msg":"Compression engine unavailable (No module named 'headroom'), using passthrough fallback","service":"axiom-grid-overlay"}
{"ts":"2026-09-13T12:55:32.956Z","level":"INFO","logger":"kairo.context.compressor","msg":"Compressed 13 chunks -> 13 (206 -> 206 tokens, 0.0% reduction)","service":"axiom-grid-overlay"}
{"ts":"2026-09-13T12:55:32.968Z","level":"INFO","logger":"overlay.server","msg":"request completed","service":"axiom-grid-overlay","request_id":"e15cdcc149514057a1c12eca3161b55a","path":"/demo","status":200,"latency_ms":1033.49,"client":"testclient"}
{"ts":"2026-09-13T12:55:32.969Z","level":"INFO","logger":"kernel.sidecar.ingestor","msg":"Ingested sample_memo_01.txt: 13 chunks, 1 pages, sha256=2cee63241b4f234c","service":"axiom-grid-overlay"}
{"ts":"2026-09-13T12:55:32.969Z","level":"INFO","logger":"httpx2","msg":"HTTP Request: POST http://testserver/demo \"HTTP/1.1 200 OK\"","service":"axiom-grid-overlay"}
{"ts":"2026-09-13T12:55:32.976Z","level":"WARNING","logger":"kairo.context.compressor","msg":"Compression engine unavailable (No module named 'headroom'), using passthrough fallback","service":"axiom-grid-overlay"}
{"ts":"2026-09-13T12:55:32.977Z","level":"INFO","logger":"kairo.context.compressor","msg":"Compressed 13 chunks -> 13 (206 -> 206 tokens, 0.0% reduction)","service":"axiom-grid-overlay"}
{"ts":"2026-09-13T12:55:32.980Z","level":"INFO","logger":"overlay.server","msg":"request completed","service":"axiom-grid-overlay","request_id":"88d56f2e87104b79b9f4e57df6e9068a","path":"/demo","status":200,"latency_ms":1025.75,"client":"testclient"}
{"ts":"2026-09-13T12:55:32.981Z","level":"INFO","logger":"httpx2","msg":"HTTP Request: POST http://testserver/demo \"HTTP/1.1 200 OK\"","service":"axiom-grid-overlay"}
{"ts":"2026-09-13T12:55:32.982Z","level":"INFO","logger":"kernel.sidecar.ingestor","msg":"Ingested sample_memo_01.txt: 13 chunks, 1 pages, sha256=2cee63241b4f234c","service":"axiom-grid-overlay"}
{"ts":"2026-09-13T12:55:32.989Z","level":"WARNING","logger":"kairo.context.compressor","msg":"Compression engine unavailable (No module named 'headroom'), using passthrough fallback","service":"axiom-grid-overlay"}
{"ts":"2026-09-13T12:55:32.989Z","level":"INFO","logger":"kairo.context.compressor","msg":"Compressed 13 chunks -> 13 (206 -> 206 tokens, 0.0% reduction)","service":"axiom-grid-overlay"}
{"ts":"2026-09-13T12:55:32.993Z","level":"INFO","logger":"overlay.server","msg":"request completed","service":"axiom-grid-overlay","request_id":"365f657fe66e4be7a530816c3a9cf763","path":"/demo","status":200,"latency_ms":1026.37,"client":"testclient"}
{"ts":"2026-09-13T12:55:32.994Z","level":"INFO","logger":"kernel.sidecar.ingestor","msg":"Ingested sample_memo_01.txt: 13 chunks, 1 pages, sha256=2cee63241b4f234c","service":"axiom-grid-overlay"}
{"ts":"2026-09-13T12:55:32.994Z","level":"INFO","logger":"httpx2","msg":"HTTP Request: POST http://testserver/demo \"HTTP/1.1 200 OK\"","service":"axiom-grid-overlay"}
{"ts":"2026-09-13T12:55:33.000Z","level":"WARNING","logger":"kairo.context.compressor","msg":"Compression engine unavailable (No module named 'headroom'), using passthrough fallback","service":"axiom-grid-overlay"}
{"ts":"2026-09-13T12:55:33.001Z","level":"INFO","logger":"kairo.context.compressor","msg":"Compressed 13 chunks -> 13 (206 -> 206 tokens, 0.0% reduction)","service":"axiom-grid-overlay"}
{"ts":"2026-09-13T12:55:33.004Z","level":"INFO","logger":"overlay.server","msg":"request completed","service":"axiom-grid-overlay","request_id":"3dad5a208a264986a5f6ccd753029888","path":"/demo","status":200,"latency_ms":1025.45,"client":"testclient"}
{"ts":"2026-09-13T12:55:33.006Z","level":"INFO","logger":"kernel.sidecar.ingestor","msg":"Ingested sample_memo_01.txt: 13 chunks, 1 pages, sha256=2cee63241b4f234c","service":"axiom-grid-overlay"}
{"ts":"2026-09-13T12:55:33.006Z","level":"INFO","logger":"httpx2","msg":"HTTP Request: POST http://testserver/demo \"HTTP/1.1 200 OK\"","service":"axiom-grid-overlay"}
{"ts":"2026-09-13T12:55:33.013Z","level":"WARNING","logger":"kairo.context.compressor","msg":"Compression engine unavailable (No module named 'headroom'), using passthrough fallback","service":"axiom-grid-overlay"}
{"ts":"2026-09-13T12:55:33.014Z","level":"INFO","logger":"kairo.context.compressor","msg":"Compressed 13 chunks -> 13 (206 -> 206 tokens, 0.0% reduction)","service":"axiom-grid-overlay"}
{"ts":"2026-09-13T12:55:33.017Z","level":"INFO","logger":"kernel.sidecar.ingestor","msg":"Ingested sample_memo_01.txt: 13 chunks, 1 pages, sha256=2cee63241b4f234c","service":"axiom-grid-overlay"}
{"ts":"2026-09-13T12:55:33.017Z","level":"INFO","logger":"overlay.server","msg":"request completed","service":"axiom-grid-overlay","request_id":"4f920eb5a0e74cd4bcf9384f13c4b416","path":"/demo","status":200,"latency_ms":1026.3,"client":"testclient"}
{"ts":"2026-09-13T12:55:33.019Z","level":"INFO","logger":"httpx2","msg":"HTTP Request: POST http://testserver/demo \"HTTP/1.1 200 OK\"","service":"axiom-grid-overlay"}
{"ts":"2026-09-13T12:55:33.026Z","level":"WARNING","logger":"kairo.context.compressor","msg":"Compression engine unavailable (No module named 'headroom'), using passthrough fallback","service":"axiom-grid-overlay"}
{"ts":"2026-09-13T12:55:33.026Z","level":"INFO","logger":"kairo.context.compressor","msg":"Compressed 13 chunks -> 13 (206 -> 206 tokens, 0.0% reduction)","service":"axiom-grid-overlay"}
{"ts":"2026-09-13T12:55:33.030Z","level":"INFO","logger":"overlay.server","msg":"request completed","service":"axiom-grid-overlay","request_id":"543597755a864b26b8f61557537bbc0e","path":"/demo","status":200,"latency_ms":1027.29,"client":"testclient"}
{"ts":"2026-09-13T12:55:33.031Z","level":"INFO","logger":"kernel.sidecar.ingestor","msg":"Ingested sample_memo_01.txt: 13 chunks, 1 pages, sha256=2cee63241b4f234c","service":"axiom-grid-overlay"}
{"ts":"2026-09-13T12:55:33.032Z","level":"INFO","logger":"httpx2","msg":"HTTP Request: POST http://testserver/demo \"HTTP/1.1 200 OK\"","service":"axiom-grid-overlay"}
{"ts":"2026-09-13T12:55:33.038Z","level":"WARNING","logger":"kairo.context.compressor","msg":"Compression engine unavailable (No module named 'headroom'), using passthrough fallback","service":"axiom-grid-overlay"}
{"ts":"2026-09-13T12:55:33.039Z","level":"INFO","logger":"kairo.context.compressor","msg":"Compressed 13 chunks -> 13 (206 -> 206 tokens, 0.0% reduction)","service":"axiom-grid-overlay"}
{"ts":"2026-09-13T12:55:33.043Z","level":"INFO","logger":"overlay.server","msg":"request completed","service":"axiom-grid-overlay","request_id":"f0f88a10813a4a889cc560b607dc1cc3","path":"/demo","status":200,"latency_ms":1026.97,"client":"testclient"}
{"ts":"2026-09-13T12:55:33.044Z","level":"INFO","logger":"kernel.sidecar.ingestor","msg":"Ingested sample_memo_01.txt: 13 chunks, 1 pages, sha256=2cee63241b4f234c","service":"axiom-grid-overlay"}
{"ts":"2026-09-13T12:55:33.044Z","level":"INFO","logger":"httpx2","msg":"HTTP Request: POST http://testserver/demo \"HTTP/1.1 200 OK\"","service":"axiom-grid-overlay"}
{"ts":"2026-09-13T12:55:33.051Z","level":"WARNING","logger":"kairo.context.compressor","msg":"Compression engine unavailable (No module named 'headroom'), using passthrough fallback","service":"axiom-grid-overlay"}
{"ts":"2026-09-13T12:55:33.052Z","level":"INFO","logger":"kairo.context.compressor","msg":"Compressed 13 chunks -> 13 (206 -> 206 tokens, 0.0% reduction)","service":"axiom-grid-overlay"}
{"ts":"2026-09-13T12:55:33.055Z","level":"INFO","logger":"kernel.sidecar.ingestor","msg":"Ingested sample_memo_01.txt: 13 chunks, 1 pages, sha256=2cee63241b4f234c","service":"axiom-grid-overlay"}
{"ts":"2026-09-13T12:55:33.056Z","level":"INFO","logger":"overlay.server","msg":"request completed","service":"axiom-grid-overlay","request_id":"82e2809baf96457d911d4a7d877981a4","path":"/demo","status":200,"latency_ms":1026.78,"client":"testclient"}
{"ts":"2026-09-13T12:55:33.057Z","level":"INFO","logger":"httpx2","msg":"HTTP Request: POST http://testserver/demo \"HTTP/1.1 200 OK\"","service":"axiom-grid-overlay"}
{"ts":"2026-09-13T12:55:33.062Z","level":"WARNING","logger":"kairo.context.compressor","msg":"Compression engine unavailable (No module named 'headroom'), using passthrough fallback","service":"axiom-grid-overlay"}
{"ts":"2026-09-13T12:55:33.063Z","level":"INFO","logger":"kairo.context.compressor","msg":"Compressed 13 chunks -> 13 (206 -> 206 tokens, 0.0% reduction)","service":"axiom-grid-overlay"}
{"ts":"2026-09-13T12:55:33.066Z","level":"INFO","logger":"overlay.server","msg":"request completed","service":"axiom-grid-overlay","request_id":"23edf37634d246318d8175ff74ad53ec","path":"/demo","status":200,"latency_ms":1024.29,"client":"testclient"}
{"ts":"2026-09-13T12:55:33.067Z","level":"INFO","logger":"kernel.sidecar.ingestor","msg":"Ingested sample_memo_01.txt: 13 chunks, 1 pages, sha256=2cee63241b4f234c","service":"axiom-grid-overlay"}
{"ts":"2026-09-13T12:55:33.068Z","level":"INFO","logger":"httpx2","msg":"HTTP Request: POST http://testserver/demo \"HTTP/1.1 200 OK\"","service":"axiom-grid-overlay"}
{"ts":"2026-09-13T12:55:33.075Z","level":"WARNING","logger":"kairo.context.compressor","msg":"Compression engine unavailable (No module named 'headroom'), using passthrough fallback","service":"axiom-grid-overlay"}
{"ts":"2026-09-13T12:55:33.076Z","level":"INFO","logger":"kairo.context.compressor","msg":"Compressed 13 chunks -> 13 (206 -> 206 tokens, 0.0% reduction)","service":"axiom-grid-overlay"}
{"ts":"2026-09-13T12:55:33.079Z","level":"INFO","logger":"overlay.server","msg":"request completed","service":"axiom-grid-overlay","request_id":"2b50163808d443ca82504ace33bea510","path":"/demo","status":200,"latency_ms":1023.41,"client":"testclient"}
{"ts":"2026-09-13T12:55:33.080Z","level":"INFO","logger":"kernel.sidecar.ingestor","msg":"Ingested sample_memo_01.txt: 13 chunks, 1 pages, sha256=2cee63241b4f234c","service":"axiom-grid-overlay"}
{"ts":"2026-09-13T12:55:33.081Z","level":"INFO","logger":"httpx2","msg":"HTTP Request: POST http://testserver/demo \"HTTP/1.1 200 OK\"","service":"axiom-grid-overlay"}
{"ts":"2026-09-13T12:55:33.088Z","level":"WARNING","logger":"kairo.context.compressor","msg":"Compression engine unavailable (No module named 'headroom'), using passthrough fallback","service":"axiom-grid-overlay"}
{"ts":"2026-09-13T12:55:33.089Z","level":"INFO","logger":"kairo.context.compressor","msg":"Compressed 13 chunks -> 13 (206 -> 206 tokens, 0.0% reduction)","service":"axiom-grid-overlay"}
{"ts":"2026-09-13T12:55:33.092Z","level":"INFO","logger":"overlay.server","msg":"request completed","service":"axiom-grid-overlay","request_id":"0fafae2524ef44aeb4fa46f7a73acade","path":"/demo","status":200,"latency_ms":1023.92,"client":"testclient"}
{"ts":"2026-09-13T12:55:33.093Z","level":"INFO","logger":"httpx2","msg":"HTTP Request: POST http://testserver/demo \"HTTP/1.1 200 OK\"","service":"axiom-grid-overlay"}
